:020000040800F2
:1000000000000220E9050008DD050008A9560008E7
:10001000DD050008DD050008DD0500080000000022
:10002000000000000000000000000000DD050008E6
:10003000DD05000800000000DD0500082D56000861
:10004000DD050008DD050008DD050008DD05000808
:10005000DD050008DD050008DD050008DD050008F8
:10006000DD050008DD050008DD050008093F000882
:10007000153F000811270008213F00082D3F000808
:100080005150000839300008DD050008DD05000882
:10009000DD050008DD050008DD050008DD050008B8
:1000A000DD050008DD050008DD050008DD050008A8
:1000B000AD140108B9140108C51401086D30000819
:1000C000DD05000879300008DD050008F50C0108A1
:1000D000010D0108854E0008B14E0008E54E0008EC
:1000E000DD050008DD05000800000000DD05000852
:1000F000DD050008DD050008DD050008DD05000858
:10010000DD050008DD050008D11401080D0D01080A
:10011000194F00084D4F0008DD050008DD050008F7
:10012000DD050008DD050008310D0108650D010839
:1001300085500008DD050008DD050008DD05000824
:1001400000000000000000000000000000000000AF
:10015000DD050008DD050008DD050008814F000809
:1001600085300008DD0500083D560008615600088E
:10017000DD05000885560008DD050008DD050008DE
:10018000DD050008DD050008B54F0008E94F00084F
:10019000190D0108250D0108DD050008DD05000821
:1001A000DD050008DD050008DD050008DD050008A7
:1001B000FD3B0008DD050008DD050008DD05000841
:1001C000DD050008DD050008DD050008DD05000887
:1001D000DD050008DD050008DD050008DD05000877
:1001E000DD050008DD050008DD050008DD05000867
:1001F000DD050008DD050008DD050008DD05000857
:10020000DD050008DD050008DD050008DD05000846
:10021000DD050008DD050008DD050008DD05000836
:10022000DD050008DD050008DD0500080000000010
:10023000DD050008DD05000800000000DD05000800
:10024000DD050008DD050008DD050008DD05000806
:10025000DD050008DD050008DD050008DD050008F6
:10026000DD050008DD050008DD050008DD050008E6
:10027000DD050008DD0500081D5000080000000035
:10028000DD050008DD050008DD05000800000000B0
:0802900000000000DD0500087C
:1002980010B5054C237833B9044B13B10448AFF3B8
:1002A80000800123237010BD880300240000000093
:1002B800C02B010808B5034B1BB103490348AFF332
:1002C800008008BD000000008C030024C02B01083A
:1002D80053B94AB9002908BF00281CBF4FF0FF31A5
:1002E8004FF0FF3000F074B9ADF1080C6DE904CEA1
:1002F80000F006F8DDF804E0DDE9022304B07047F9
:100308002DE9F047089D04468E46002B4DD18A42C0
:10031800944669D9B2FA82F252B101FA02F3C2F1F3
:10032800200120FA01F10CFA02FC41EA030E944084
:100338004FEA1C48210CBEFBF8F61FFA8CF708FBA5
:1003480016E341EA034306FB07F199420AD91CEB7D
:10035800030306F1FF3080F01F81994240F21C81AF
:10036800023E63445B1AA4B2B3FBF8F008FB1033F7
:1003780044EA034400FB07F7A7420AD91CEB04042C
:1003880000F1FF3380F00A81A74240F207816444FC
:10039800023840EA0640E41B00261DB1D440002381
:1003A800C5E900433146BDE8F0878B4209D9002DE5
:1003B80000F0EF800026C5E9000130463146BDE86F
:1003C800F087B3FA83F6002E4AD18B4202D38242D9
:1003D80000F2F980841A61EB030301209E46002D88
:1003E800E0D0C5E9004EDDE702B9FFDEB2FA82F2DD
:1003F800002A40F09280A1EB0C014FEA1C471FFA3B
:100408008CFE0126200CB1FBF7F307FB131140EA21
:1004180001410EFB03F0884208D91CEB010103F1EE
:10042800FF3802D2884200F2CB804346091AA4B2B0
:10043800B1FBF7F007FB101144EA01440EFB00FE84
:10044800A64508D91CEB040400F1FF3102D2A645E9
:1004580000F2BB800846A4EB0E0440EA03409CE788
:10046800C6F12007B34022FA07FC4CEA030C20FA35
:1004780007F401FA06F31C43F9404FEA1C4900FA55
:1004880006F3B1FBF9F8200C1FFA8CFE09FB1811D2
:1004980040EA014108FB0EF0884202FA06F20BD945
:1004A8001CEB010108F1FF3A80F08880884240F295
:1004B8008580A8F102086144091AA4B2B1FBF9F0D9
:1004C80009FB101144EA014100FB0EFE8E4508D9D4
:1004D8001CEB010100F1FF346CD28E456AD9023859
:1004E800614440EA0840A0FB0294A1EB0E01A1423E
:1004F800C846A64656D353D05DB1B3EB080261EBAC
:100508000E0101FA07F722FA06F3F1401F43C5E985
:10051800007100263146BDE8F087C2F12003D840BB
:100528000CFA02FC21FA03F3914001434FEA1C47FD
:100538001FFA8CFEB3FBF7F007FB10360B0C43EAEF
:10054800064300FB0EF69E4204FA02F408D91CEB9F
:10055800030300F1FF382FD29E422DD9023863449D
:100568009B1B89B2B3FBF7F607FB163341EA03413D
:1005780006FB0EF38B4208D91CEB010106F1FF388C
:1005880016D28B4214D9023E6144C91A46EA004683
:1005980038E72E46284605E70646E3E61846F8E615
:1005A8004B45A9D2B9EB020864EB0C0E0138A3E75E
:1005B8004646EAE7204694E74046D1E7D0467BE73F
:1005C800023B614432E7304609E76444023842E7B7
:1005D800704700BF684620F007018D46FEE700BF60
:1005E8000B480C4A904208B503D0121A0A4912F077
:1005F8003FF90A480A4A904203D0121A002112F021
:1006080045F905F0B5FA12F00FF900F045F8FEE7E4
:100618000000002488030024F82B01088803002424
:10062800C0CA002400F51043D3F8D83310B50446E7
:100638002BB149F2D031032201440846984720469D
:1006480010BD00BF0AB303689FED117A03EB820265
:10065800D1E90001F3EC017AF0EEE76AE0EC017A07
:10066800E1EC017AF4EE476AF1EE10FA36FE877A89
:100678009342EFD1074BD3ED007AF4EEC77AF1EE4F
:1006880010FA01D583ED007A70479FED017AF1E702
:1006980000000000A403002470B5002429482A4D56
:1006A8002146264600F07AF93021264800F0D8F88D
:1006B8002649244800F0D2F81EE0F7EE000A244844
:1006C800B0EE410A01F056FDB7EE000AD5ED007A0A
:1006D8009FED201AF4EEC07A85ED001AF1EE10FABB
:1006E8001FDBF0EE410A1C4801F044FD154800F0FC
:1006F800CDF8012005F046F805F042F8831BB3F564
:10070800FA7F02D384F0010406469FED121A002CEA
:10071800D3D1F0EE410A0E48B0EE410A01F02AFDAD
:10072800D2E79FED0E7A0C48F4EEC77AF1EE10FA94
:10073800CCBFF0EE400AF0EE410AB0EE410A01F0FB
:1007480019FDD3E7A8030024A40300244D060008DC
:100758001005002400000000940500246F12833A5D
:1007680038B56FF0F412394C00254FF60B730B2196
:1007780004F51C70A362E363A365C4F88430C4F86D
:10078800A030C4F8B430C4F82031656125626563CF
:10079800A56465662567C4F89050C4F8AC50C4E9F0
:1007A8000052C4E90222FF22C4E90B55C4E91055DE
:1007B800C4E91755C4E92255C4E92955C4E92E5599
:1007C800C4F8C05084F8801184F88121C4F82C51F1
:1007D800C4F88451C4E95135C4E96B35C4E97635A8
:1007E800C4E98135C4E98C35C4E99735C4E949556C
:1007F800C4E95355C4E96255C4E96D55C4E978554F
:10080800C4E98355C4E98E55C4E9995501F072FCD1
:100818000F4A40F20F7304F55071C4F8282340F2D0
:100828000112A4F82C3304F51043C4F83013204601
:10083800C4F88052C4F83C53C3F8D8530549C4E9F6
:10084800CD25054ABDE8384011F0DABFA8030024D9
:100858000080707F2D0600080000002400F07EB99B
:1008680038B5044600F07EF9D4F81051204600F05F
:1008780095F9284601F0E4FBD4F81451204600F01D
:100888008DF92846BDE8384001F0DABB10B50446BA
:1008980000F5B47001F09EFC04F5F670BDE8104058
:1008A80001F098BC000000002DE9F0414FF60B72F2
:1008B800374900240546096805F1180705F58876C3
:1008C8002DED028B9FED307BACB09FED328A02A8F4
:1008D800ADF80820ADF81C20ADF83020ADF8442064
:1008E800ADF85C20ADF87020ADF88420ADF8982004
:1008F800022203940A940F9414941A941F94249433
:1009080029948DED087B8DED127B8DED187B8DED97
:10091800227BCDE90444CDE90D44CDE91D44CDE960
:10092800274401F07DFC1C4B022217A8196801F02E
:1009380077FC042302A90222384601F081FC05F164
:10094800D003C5F8103105F1F003C5F8143121467C
:10095800384656F8048B01F07BFE01462846019183
:1009680000F01CF90023F0EE480A019940461A46A7
:1009780001F034FB24B12CB0BDEC028BBDE8F08152
:100988000124E4E7AFF3008000000000000000004D
:10099800E82801086F12033BEC2801082DE9F04F05
:1009A80004464FF001092DED028B99B09FED5E8A48
:1009B80004F58C7604F59E75039100F0CDF8039943
:1009C800204600F0ADF9594B3046B0EE480A196898
:1009D80004F5B47B01F00CFC554B2846B0EE480AF0
:1009E800196804F5F67A01F003FC524B524AB0EE4E
:1009F800480A524904F174001B6805AF126804F5EF
:100A080020780968C4F8606111AEC4F864510DAD6E
:100A180001F042FB4A4B4B4A58464B491B68126847
:100A28000968CDF8009001F07DFB484B484A5046D4
:100A380048491B6812680968CDF8009001F072FBFC
:100A4800072128468DED0D8A8DED0E8A8DED0F8AD2
:100A580005F0C8F995E8070086E8070031465846CA
:100A680001F0A2FB95E8070086E8070031465046EA
:100A780001F09AFB584601F0ADFB504601F0AAFB85
:100A88002046FFF711FF384601F034FB47F61223E2
:100A98000DF1240E04F51C7C17930223CDF84C901D
:100AA8001593CDF858904FF0000997E80F008CE89F
:100AB8000F008EE80F0085E80F00BDF83830CDF83C
:100AC8005090ADF84630BDF83A301290ADF8443049
:100AD800D4E99EE7C4E9A1E727B13A4649467046FA
:100AE80011F0D4FE3146404604F0C4FB04F52570ED
:100AF80001F012FB3021204600F034F8D4F81051F0
:100B0800204600F04BF8284601F09AFAD4F8145120
:100B1800204600F043F8284619B0BDEC028BBDE82A
:100B2800F04F01F08DBA00BF000000000C29010849
:100B380010290108082901081829010814290108A1
:100B4800F0280108F4280108F8280108FC28010801
:100B58000029010804290108704700BF143001F07A
:100B680009BA00BF38B500F1140504462DED028B13
:100B7800284601F0EDF9284601F0F8F92846B0EECC
:100B8800408A01F0E1F9D0ED007AF8EE677A88EE54
:100B9800277ABDEC028B84ED1B7A38BD90ED1B0AD9
:100BA800704700BF10B540F203338EB000244FF6F3
:100BB8000B7240F20341ADF8083009A80123ADF8E3
:100BC8001020ADF824202246ADF80C1000940299AC
:100BD80007940C94CDE90544CDE90A4401F07AFF65
:100BE80004A8012322460399009401F073FF09A881
:100BF80002F056F810B901200EB010BD04A802F09A
:100C08004FF8A0420CBF022020460EB010BD00BF16
:100C18002DE9F04103239AB04FF0010800254FF663
:100C28000B740746CDE91438394BADF84C40CDE983
:100C38001053A3F19F63A3F57D43CDE91658129392
:100C4800FFF7B0FF4045064623D0022842D040F6C1
:100C58000132304B07F158000BACADF82C200B9942
:100C68001895CDF86480CDF84A3000F0DBF810A96B
:100C780007F1700003F0D0F9274B0FCB84E80F0081
:100C88003A6F214607F1140001F026F91AB0BDE8C1
:100C9800F08110231F4A06A906908DF828300BAC66
:100CA8001E4BCDF84A2007930295CDE91805CDE9EA
:100CB800080502A802F0E8F90823029A03A92046C9
:100CC800ADF80C608DF80E50049605930B9500F066
:100CD800E9F8CCE740F60133ADF82C4000200BAC26
:100CE800ADF8183001210B4B42460095CDF84A303B
:100CF8002B460E95CDE9180106992046CDE90C55ED
:100D080001F0E8FE2946204601F0D6FFAFE700BF14
:100D18000402040404060403A42801080704010BC0
:100D28002DE9F04704462DED028B82B0002949D009
:100D3800012140F2011200230091ADF804208DF842
:100D48000630354A0127354B04F10409344904F1CA
:100D58003C08626040F20272A36040F60663E160FC
:100D680004F1280A2285A3872782E762276404F012
:100D7800B5FE054604F008FD6946064650BB4DB36E
:100D880004F150008DF8067004F02AFE072D3ED1BC
:100D980004F114052046FFF73BFF284601F0E6F86A
:100DA8002846B0EE408A01F0CFF8D0ED007AF8EE90
:100DB800677A88EE277A84ED1B7A02B0BDEC028B45
:100DC800BDE8F08740F2011300918DF80610ADF8E8
:100DD8000430B6E704F1500004F002FE072D13D0EA
:100DE8004946204602F024FD0EB9002DD0D15146C7
:100DF800504601F0ABFC4046414601F0A7FC04F127
:100E0800120000F079F9C3E7002EF0D1C0E7494697
:100E1800204602F00DFDBBE7050805090507050694
:100E2800050A060630B585B0002504460122ADF84E
:100E38000C102B460399009501F04CFE0121204629
:100E480001F03AFF012004F09DFC2946204601F0FC
:100E580033FF012004F096FC0121204605B0BDE8CF
:100E6800304001F029BF00BF10B5C2F3002384B0A1
:100E78000C46017C8DF80D2043EA4402FA24022333
:100E88008DF80C2003AA009402F096F918B10124F9
:100E9800204604B010BD04460A2004F073FC204626
:100EA80004B010BD034670B543F8042B044684B063
:100EB80007C983E80700A37983B91A210B461E22C4
:100EC800FA2523742046ADF80C20022303AA0095C6
:100ED80002F072F928B1012004B070BD1B210B4645
:100EE800EDE70A2004F04EFC4FF4B85200950223B7
:100EF800ADF80C20204603AA217C02F05DF90028F9
:100F0800E9D10A2004F03EFC41F202720095022366
:100F1800ADF80C20204603AA217C02F04DF90028E8
:100F2800D9D10A2004F02EFC042200950223ADF842
:100F38000C20204603AA217C02F03EF90028CAD1E1
:100F48000A2004F01FFC062200950223ADF80C20AD
:100F5800204603AA217C02F02FF90028BBD10A20E1
:100F680004F010FC41F2082200950223ADF80C2091
:100F7800204603AA217C02F01FF90028ABD10A20E1
:100F8800064604F0FFFB0095022303AA217C2046B5
:100F9800ADF80C6002F010F900289CD1304604F03E
:100FA800F1FB009522790C232046002A8DF80C309D
:100FB80003AA4FF0020314BF622142218DF80D10DD
:100FC800217C02F0F9F8002885D1304604F0DAFBDC
:100FD8002279D4E902310B43DBB20AB943F040036A
:100FE80062790AB143F020030E22FA258DF80D30FC
:100FF8002046009502238DF80C2003AA217C02F0DC
:10100800DBF800287FF467AF0A2004F0BBFB10224E
:1010180000950223ADF80C20204603AA217C02F09B
:10102800CBF800287FF457AF0A2004F0ABFB12215D
:1010380000950223ADF80C1003AA217C204602F08B
:10104800BBF800287FF447AF0A2004F09BFB01227D
:1010580009212046FFF708FF003818BF01203BE7A9
:10106800F0B5102387B0234C012200250126002764
:1010780002A920460195CDE902234FF48052CDE91B
:1010880004670CF0B3FB642004F026FF02A94FF4B8
:1010980080522046CDE9046702261027CDE9026771
:1010A8000CF0A4FB0322102302A92046CDE9022359
:1010B80000230422CDE904234FF480520CF096FB60
:1010C80040F23223042202A9019310232046CDE9DD
:1010D8000223019A012305924FF4805204930CF0E5
:1010E80085FB40F6060120460CF0A0FB284607B019
:1010F800F0BD00BF909700241C4B00221C494FF004
:10110800400C30B5054689B00220596007219A6025
:101118001A620124DA620A224FF4006EDC60069239
:101128002022CDE9000104200821CDE90201032095
:101138001021CDE9040108206946C3E904024FF4EF
:10114800C072181DC3E906C24FF48052C3E909E210
:101158000CF022FB38B92846FFF782FF003818BF89
:10116800012009B030BD204609B030BD8C9700245D
:1011780040410052614A0021D0B513688EB00A91EF
:10118800002B40F0B9805E4B01214FF683700C2490
:1011980011600221D3F8D4200026032742F480529C
:1011A800C3F8D420D3F8D42002F480520092009AD5
:1011B800D3F8E02042F01002C3F8E020D3F8E02092
:1011C80002F010020192019AD3F8E02042F04002A6
:1011D800C3F8E020D3F8E02002F040020292029A1D
:1011E800D3F8E02042F00802C3F8E020D3F8E0206A
:1011F80002F008020392039AD3F8E02042F48072C6
:10120800C3F8E020D3F8E02002F480720492049A34
:10121800D3F8E02042F08002C3F8E020D3F8E020C1
:1012280002F080020592059AD3F8E02042F02002ED
:10123800C3F8E020D3F8E02002F020020692069AD4
:10124800D3F8E02042F00402C3F8E020D3F8E030FD
:101258000C9403F0040307930323079A0B93CDE937
:10126800080108A9274806F00BFE48F237120223A6
:1012780008A925480C94CDE90823CDE90A6706F0AA
:10128800FFFD4CF20372022308A920480C94CDE913
:101298000823CDE90A6706F0F3FD40F2FF62022356
:1012A80008A91B480C94CDE90823CDE90A6706F084
:1012B800E7FD4FF60C72022308A916480C94CDE9F5
:1012C8000823CDE90A6706F0DBFD4FF63F0202234B
:1012D80008A911480C94CDE90823CDE90A6706F05E
:1012E800CFFD2022022308A90A480C94CDE90A67F9
:1012F800CDE9082306F0C4FD0EB0D0BD88970024C0
:10130800004402580010025800180258000C0258F5
:1013180000200258001C0258001402582DE9F04F12
:10132800DFF8108406460D46144608F118002DED26
:10133800028B89B000AF02F06FFFD8F8183073B392
:10134800D8F81C30D8F80490002B43690BBF4FF035
:10135800080A4FF0100A4FF0020B4FF0040BB9F1D6
:10136800000F2AD0A200EA46012B02F1070222F060
:101378000702ADEB020D6846ADEB020D694600F0C1
:101388003F81022B00F0D680002B6FD02246C84741
:10139800D5462437BD46BDEC028BBDE8F08FD8F8A2
:1013A8001C30002BF5D0D8F804904FF0080A4FF005
:1013B800020B4369B9F1000FD4D1FB61D8F80030B2
:1013C800BB61002BE5D0D54802F098FF6B46BBF116
:1013D800020F786108EE103AFB6900F083816A46D3
:1013E8005146A2EBC40295466200EA46B2FBFBF204
:1013F800AAEBC40085460AEB8200EE46F861ADEB25
:10140800010DF8690EEB820CC7F810C0EC46ADEB85
:10141800010D00EB8201CCF80400CCF8081001EBB8
:1014280082013869E946CCF80C1000EB8201CCF84F
:1014380000A001EB8202C9E900E0C9E90212012B10
:1014480000F06483022B00F06C82002B00F0808196
:10145800620849466046BB69984718EE103A243737
:101468009D46BD46BDEC028BBDE8F08F002C8DD0AB
:101478001A46D8ED0C6A9FEDB27A8446331D36F9C8
:1014880022E00CF1080C07EE90EA33F922E0023270
:10149800F8EEE77A944267EE877A67EEA67A4CED23
:1014A800027A07EE90EAF8EEE77A67EE877A67EE57
:1014B800A67A4CED017AE2D8F9612246C847984EDF
:1014C800D8ED0D6A0020F9692B1D9FED9E7A9FEDDE
:1014D8009E6ADFED9E5A22E0F4EEC67AF1EE10FA2B
:1014E800C0F2C88447F6FE72D1ED017A45F8202093
:1014F80066EEA77AF4EEC77AF1EE10FA40F2F080C1
:10150800F4EEC67AF1EE10FAC0F2D58447F6FE7210
:1015180043F820200230083184427FF639AFD1EDFC
:10152800007A66EEA77AF4EEC77AF1EE10FAD3D80D
:101538003246D9E7002C3FF429AFD8ED0C6A84462F
:101548009FED787A0022331D8E4656F822100CF152
:10155800080C07EE901A53F822100232F8EEE77AD8
:10156800944267EE877A67EEA67A4CED027A07EE28
:10157800901AF8EEE77A67EE877A67EEA67A4CED6E
:10158800017AE2D871462246C7F81CE0C847664E81
:10159800D8ED0D6A0020F9692B1D9FED6A7A9FED41
:1015A8006A6ADFF894C120E0F4EEC67AF1EE10FA28
:1015B800C0F279843246D1ED017A45F8202066EEF2
:1015C800A77AF4EEC77AF1EE10FA40F28780F4EECB
:1015D800C67AF1EE10FAC0F25E84324643F8202053
:1015E8000230083184427FF6D3AED1ED007A66EE40
:1015F800A77AF4EEC77AF1EE10FAD5D86246DAE7A0
:10160800002C3FF4C3AED8ED0C6A86469FED477AAE
:101618004FF0000C331D56F82C200EF1080E82F402
:101628000002A2F5000207EE902A53F82C200CF1D4
:10163800020CF8EEE77A82F400026445A2F5000293
:1016480067EE877A67EEA67A4EED027A07EE902A61
:10165800F8EEE77A67EE877A67EEA67A4EED017ABA
:10166800D9D8F9612246C847314ED8ED0D6A002015
:10167800F9692B1D9FED337A9FED336ADFF8BCC003
:101688001FE0F4EEC67AF1EE10FAC0F2FC8332469F
:10169800D1ED017A45F8202066EEA77AF4EEC77AF4
:1016A800F1EE10FA18D9F4EEC67AF1EE10FAC0F29B
:1016B800DA83324643F820200230083184427FF62C
:1016C80067AED1ED007A66EEA77AF4EEC77AF1EE4E
:1016D80010FAD6D86246DBE76246EBE762467DE75A
:1016E800324615E7A100D6466208073121F0070106
:1016F800ADEB010DEA46ADEB010D6946ADEB0E0D04
:101708000AEB8200EC46ADEB0E0D01EB8202F861AC
:10171800E946CCE900A0C9E9001290E6E097002468
:101728000280FFFF000000300082FF7F00000034CD
:1017380082FF7F00C4970024007E00807E0080FF27
:101748000000003804FF7FBF04FF7F3F00FEFF4614
:10175800002C00F0C982BBF1020FD8F8242000F059
:10176800FA827969C7F8049002EB810E5FED0C5A92
:101778008A00DCF808100EF104007A611A46DCF8D9
:101788000C303B61331DD7F810903D61FD69C7E906
:1017980002CB8C46834636F92210D8ED0C7A06EE39
:1017A800101A33F9221006EE901A3EF92210B8EEFC
:1017B800C66A07EE101AF8EEE66A3BF92210B8EE90
:1017C800C77A26EE256A66EEA56A27EE257A26EE02
:1017D800276A66EEA76A27EE277A07EE901A51085D
:1017E8000232F8EEE77A0AEB8100944280ED006A53
:1017F80005EB810067EEA57AC0ED006A0CEB81006D
:1018080009EB810180ED007A98ED0C7A67EE877A12
:10181800C1ED007ABFD8D7F804903D69D7E902CB6B
:1018280060466208BB6949469847D8F82C307A69FF
:10183800D8ED0D6A1A441FED3D7A1FED3D6A2B1D48
:10184800904602F1040A5FED3F5A0022A84ED9E9FA
:1018580000EC51E0F4EEC67AF1EE10FAC0F2C7825D
:1018680047F6FE7045F822000CEB0100D0ED007A37
:1018780066EEA77AF4EEC77AF1EE10FA4BD9F4EED9
:10188800C67AF1EE10FAC0F2BA8247F6FE70BBF1E2
:10189800020F43F822002BD0D9F808000844D0EDF5
:1018A800007A66EEA77AF4EEC77AF1EE10FA36D926
:1018B800F4EEC67AF1EE10FAC0F2CD8247F6FE7069
:1018C80048F82200D9F80C000144D1ED007A66EE00
:1018D800A77AF4EEC77AF1EE10FA1ED9F4EEC67ABA
:1018E800F1EE10FAC0F2AF8247F6FE714AF8221004
:1018F800023294427FF6B1AD51080EEB81008900A7
:10190800D0ED007A66EEA77AF4EEC77AF1EE10FA17
:10191800A0D83046A6E73046B9E73146E6E7304674
:10192800CEE7002C00F0E081BBF1020FD8F824309C
:1019380000F0E1817A69DCF8081003EB820EC7F841
:1019480004909300DFED6B5A0EF1040000227B61D6
:10195800DCF80C303B61331DD7F810903D61FD6910
:10196800C7E902CB8C46834656F82210D8ED0C7A8C
:1019780007EE101A53F82210B8EEC76A07EE101ACD
:101988005EF82210F8EEC76A07EE101A26EE256AEE
:101998005BF82210B8EEC77A66EEA56A26EE276ACB
:1019A80027EE257A66EEA76A27EE277A07EE901AC1
:1019B80051080232F8EEE77A0AEB8100944280ED92
:1019C800006A05EB810067EEA57AC0ED006A0CEBB2
:1019D800810009EB810180ED007A98ED0C7A67EEC1
:1019E800877AC1ED007ABFD8D7F804903D69D7E966
:1019F80002CB60466208BB6949469847D8F82C3044
:101A08007A69D8ED0D6A1A449FED3E7A9FED3E6AD9
:101A1800131D9246DFF8E4C00022FB612B1D364EF1
:101A2800D9E9008E4EE0F4EEC67AF1EE10FAC0F273
:101A3800FC81304645F822000EEB0100D0ED007A1B
:101A480066EEA77AF4EEC77AF1EE10FA49D9F4EE09
:101A5800C67AF1EE10FAC0F2EF813046BBF1020F00
:101A680043F822002AD0D9F808000844D0ED007ABB
:101A780066EEA77AF4EEC77AF1EE10FA35D9F4EEED
:101A8800C67AF1EE10FAC0F2C98130464AF822004F
:101A9800D9F80C000144D1ED007A66EEA77AF4EE8D
:101AA800C77AF1EE10FA1ED9F4EEC67AF1EE10FA02
:101AB800C0F2AD813146F86940F8221002329442F2
:101AC8007FF6CBAC510808EB81008900D0ED007A95
:101AD80066EEA77AF4EEC77AF1EE10FAA3D860465C
:101AE800A8E76046BAE76146E5E76046CEE700BF8B
:101AF8000280FFFF000000300082FF7F007E008030
:101B08000000003404FF7FBF04FF7F3F002C00F07B
:101B1800EB807A690021D8F82430C7F8109003EBDD
:101B2800820ED7F81C909300FD610EF104021FEDA0
:101B38000C6A7B61331D154656F821204808D8EDFC
:101B48000C6ABBF1020F82F40002A2F5000207EE54
:101B5800902A53F8212082F40002B8EEE77AA2F521
:101B6800000227EE067A07EE902A0AEB8002F8EECA
:101B7800E77A27EE267A67EE867A82ED007A09EB15
:101B880080024FEA800067EEA67AC2ED007A27D07D
:101B98005EF8212082F40002A2F5000207EE902AE6
:101BA80055F8212082F40002B8EEE77AA2F5000287
:101BB80027EE067A07EE902ADCF80820F8EEE77A96
:101BC800024427EE267A67EE867A82ED007A98ED4F
:101BD8000C7ADCF80C2067EE877A0244C2ED007AB2
:101BE80002318C42A8D8D7F8109060466208BB69C9
:101BF8004946FD699847D8F82C307A69D8ED0D6ABE
:101C08001A441FED407A1FED406A131D9246DFF813
:101C1800C4C20022FB612B1DAB4ED9E9008E4EE0F9
:101C2800F4EEC67AF1EE10FAC0F2C580304645F8F7
:101C380022000EEB0100D0ED007A66EEA77AF4EEF2
:101C4800C77AF1EE10FA49D9F4EEC67AF1EE10FA35
:101C5800C0F2BF803046BBF1020F43F822002AD001
:101C6800D9F808000844D0ED007A66EEA77AF4EEB9
:101C7800C77AF1EE10FA35D9F4EEC67AF1EE10FA19
:101C8800C0F2AE8030464AF82200D9F80C00014470
:101C9800D1ED007A66EEA77AF4EEC77AF1EE10FA83
:101CA8001ED9F4EEC67AF1EE10FAC0F28B803146F6
:101CB800F86940F82210023294427FF6CEAB510800
:101CC80008EB81008900D0ED007A66EEA77AF4EE81
:101CD800C77AF1EE10FAA3D86046A8E76046BAE7DB
:101CE8006146E5E76046CEE7224649466046BB695D
:101CF8009847FFF7B2BBC7F810B0002298ED0C6AFE
:101D0800331DDFED726AD7F81CB0786956F82210D7
:101D180007EE901A53F82210B8EEE77A07EE901AF9
:101D280051080232F8EEE77A27EE267A0AEB810E9E
:101D380094420BEB810167EEA67A27EE067A67EEEE
:101D4800867A8EED007AC1ED007ADFD88300D7F865
:101D580010B07B614DE61A46C7F810B098ED0C6AD2
:101D6800331DDFED5B6AD7F81CB0786936F92210AD
:101D780007EE101A33F9221007EE901AB8EEC77A58
:101D880051080232F8EEE77A27EE267A0AEB810E3E
:101D980094420BEB810167EEA67A27EE067A67EE8E
:101DA800867A8EED007AC1ED007ADFD88300D7F805
:101DB80010B07B6134E5F0EE675AFEEEE45A15EE9A
:101DC800900A34E7F0EE675AFEEEE45A15EE901AE0
:101DD8006EE7F0EE675AFEEEE45A15EE900A3AE71F
:101DE800F0EE675AFEEEE45A15EE900A4BE767EEFE
:101DF800A57AFDEEE77A17EE900A00B232E567EEB3
:101E0800A57AFDEEE77A17EE900A00B23FE5F0EE0C
:101E1800675AFEEEE05A15EE901A4CE6F0EE675A55
:101E2800FEEEE05A15EE900A30E6F0EE675AFEEE46
:101E3800E05A15EE900AFDE5F0EE675AFEEEE05A1C
:101E480015EE900A0AE667EEA57AFDEEE77A17EE38
:101E5800901A09B24AE567EEA57AFDEEE77A17EE21
:101E6800900A00B22CE5F0EE675AFEEEE45A15EE41
:101E7800902A1FE467EEA57AFDEEE77A17EE902A1E
:101E880012B2FFF731BBF0EE675AFEEEE45A15EED8
:101E9800902AFFF7FDBBF0EE675AFEEEE05A15EE0A
:101EA800902AFFF79BBBF0EE675AFEEEE05A15EE5C
:101EB800902AFFF780BB67EEA57AFDEEE77A17EE6A
:101EC800902A12B2FFF724BB82FF7F000000003087
:101ED800000000387E0080FF30B5184C154685B0EC
:101EE800046004F1080EEC460FC98EE80F00D4ED2B
:101EF800047AF5EEC07A8CE80F00F1EE10FA1ADDDC
:101F0800B7EE006A94ED057A27EE277AC6EE276ABF
:101F180084ED0D7AC4ED0C6A6DB1204640F8185F67
:101F280002F07AF9064903690020064A2162A26292
:101F3800E36005B030BD012005B030BDC497002472
:101F4800002000300000003000680830704700BFF3
:101F5800B1F5807F03680A4628BF4FF48072B1F557
:101F6800807F9A6094BF0020012070470068183075
:101F780002F0B2B930B5046883B00D46E3694BB1DD
:101F8800A3680020E26A616A9B00009004F11C00CB
:101F980002F044F9A3680748A26A9B00216A0090EE
:101FA80004F1180002F03AF90020C4E9005003B027
:101FB80030BD00BF2513000810B4074B4FF07E5109
:101FC80030240022032019619C60D8605DF8044B1E
:101FD8005961C3E906227047C4970024F6EE007AD7
:101FE8009FED166A20EE207A0160F7EE006A80ED18
:101FF800036A80ED020A27EE277AC6EE877AF4EEA6
:10200800E67AF1EE10FA11DDF0EE667A4FF07E51C5
:102018004FF0000C02760022C0ED017AC0F814C01F
:10202800016143768276C0ED070A7047F4EEC67AFE
:10203800F1EE10FAEAD5F0EE467AE7E70000000084
:10204800837E80ED020AABB9D0ED077A27EE800ACD
:10205800F6EE007AB7EE007A20EE270AC7EE007A8D
:10206800F4EEC77AF1EE10FA07DDF0EE477AC0ED2C
:10207800017A7047DFED067AE8E7F5EEC07AF1EE0F
:1020880010FAF4D5DFED037AC0ED017A704700BF8E
:102098006F12033B0000000030B5044687B00025EE
:1020A800ADF81410ADF81020ADF80C3003F068FB53
:1020B8002A462060059904F12C002571012300951A
:1020C80000F008FD01232A46049904F14000009518
:1020D80000F000FD9FED060A039904F1080000F0E6
:1020E80087F84FF6FF73A565A4F8543007B030BDE4
:1020F80000000000064A074910B40024C0E9004265
:102108004FF480725DF8044BC0E90212704700BFBB
:10211800010701060040003000220A230270037103
:10212800704700BF30B585B004469FED110A9DF891
:102138002050ADF80C100399ADF808202A46ADF8E8
:1021480004308DED000A0DF0D5FE9DED000A2A46FB
:10215800029904F12C000DF0CDFE9DED000A2A46EF
:10216800019904F1580005B0BDE830400DF0C2BE39
:1021780000007A4410B52DED028BF0EE608A04461B
:10218800B0EE418A0DF0D8FE04F12C00B0EE680ADA
:102198000DF0D2FEB0EE480A04F15800BDEC028BF7
:1021A800BDE810400DF0C8BE38B50C46054691EDA7
:1021B800000A0DF0C1FE94ED010A05F12C000DF0A6
:1021C800BBFE94ED020A05F15800BDE838400DF059
:1021D800B3BE00BF10B504460DF0C0FE04F12C00DC
:1021E8000DF0BCFE04F15800BDE810400DF0B6BE7D
:1021F80010B586B00446ADF80C10ADF8141003F015
:10220800BFFA4FF48071002220600123A18004F1FD
:102218000800A1830599009200F05CFC06B010BD8F
:1022280010B4002383B00324018080F8503080F874
:102238005120C0E9014303B05DF8044B704700BF6B
:102248002DE9F04FBE4F0024BE4D8DB0037007F14D
:102258004003426080461646894620222146384679
:10226800C5F88835C5F88475CDE90244CDE904443C
:10227800CDE90644CDE90844CDE90A4410F006FB4F
:102288002022214605F26250C5F85145C5F855454A
:10229800C5F85945C5F85D4510F0F8FA85F8506558
:1022A800D8F8043085F86846002B62D005F5AA6A8C
:1022B80009F1500B264609EB040128195222013670
:1022C80010F0D6FA4FF0000327F8023B1BF8043051
:1022D8000AF8013F002B70D0D8F804304FF0010203
:1022E80054349E4285F86826E5D3974A082195F824
:1022F80050350026C5F88C254FF4802293480027D6
:10230800C5F8A4350023C5F890250122C5F89C1509
:1023180095F86816C5F8943585F8A035C5F8982558
:10232800C0E9006700293ED0C5F8B82585F8A13571
:1023380085F8A835002298F80030C5F8BC25C5F8FE
:10234800C025002B40D0012200200121013B85F847
:10235800C4257F4AC2E90001082B37D8DFE813F00B
:10236800BD00C200C700CC00D100D600DB00E200EF
:10237800E900C5F89435F6B285F8A0350020724B0F
:102388000021C5F8A465C5F88C354FF48023C5F83D
:1023980090350123C5F898350823C5F89C3505F50F
:1023A800B663C3E90001012385F8A135002385F848
:1023B800A8350323C5F8B835BCE7D8F80430543439
:1023C800B3423FF678AF90E785F8C435614804F02A
:1023D80079F8034608B1FFBEFEE702A95D480293FB
:1023E80004F07EF90446002875D1042340F2FF72F8
:1023F8000A90CDE9082395F85035002B00F0F580B8
:1024080006234FF05409019309FB045393F8513004
:10241800072B07D8DFE803F0595C5653504D4A04A0
:102428000723079326B206EB4606C6EBC60605EB5E
:102438008608B700404600F06FFA09FB045393F88A
:102448005030042B00F3AD80022B00F3C08000F065
:10245800BC802B19002283F8402515F8262098F80F
:102468000130002A7CD0022A00F08D80012A40F039
:10247800B480012B00F0B380002B374B18BF00232A
:10248800059305A9019B3348069303F03DFD0028F9
:1024980040F0AE80013495F85035E4B2A34240F2E2
:1024A800A4802E4B53F824300193ADE706230793FD
:1024B800B8E705230793B5E704230793B2E7032397
:1024C8000793AFE702230793ACE700230793A9E735
:1024D80001230793A6E7FFBEFEE70420402142E957
:1024E800020173E70820602142E902016EE710202B
:1024F800802142E9020169E72020A02142E9020186
:1025080064E74020C02142E902015FE78020E02122
:1025180042E902015AE74FF480704FF4807142E9B2
:10252800020153E74FF400704FF4907142E9020141
:102538004CE74FF480604FF4A07142E9020145E78F
:10254800004100300098002400200240B09D002483
:10255800D09D00248C9D00240002B0251C29010870
:10256800062B36D0072B3CD0022B49D0032B49D061
:10257800002B4BD0012B47D0042B49D0052B254BE2
:1025880018BF00237CE7042B25D0052B2BD08BB359
:10259800012B31D0022B31D0032B1F4B18BF002346
:1025A8006EE70323143705EB040B4FF0000A2F44A2
:1025B8008BF8403538460AF1010A00F0ADF99BF86E
:1025C800403514375345F5DC47E70123EAE7022392
:1025D800E8E7124B54E7124B52E7002350E7114B40
:1025E8004EE7114B4CE7114B4AE70DB0BDE8F08FB1
:1025F800FFBEFEE70E4B43E70E4B41E70E4B3FE7AE
:102608000E4B3DE70E4B3BE70E4B39E70E4B37E7DA
:102618000E4B35E70000B84F002090360800900CAC
:102628001000C0102000F0148000501D000180210F
:102638000004002A0008302E001060320040C03A22
:102648000080F03E00005247000021430000844B08
:10265800034B0F29D3F8840598BF00EB410070475E
:1026680000980024244B02689A4200D07047234AFD
:1026780000232348D2F8D81030B5224C41F020016D
:1026880083B0C4F8F0050920C4F8F83504F5BE6530
:10269800C4F8F4054FF48060C2F8D8104FF4006114
:1026A800D2F8D820C4F8000694F8680602F0200290
:1026B800C4F8FC3598420192C4F804164FF400514E
:1026C800C4F810362846C4F81436019B14BF0023FA
:1026D8004FF48073C4F80816C4F80C3604F02CFACA
:1026E80008B1FFBEFEE704F28C53C4F8D855C4F80D
:1026F800283603B030BD00BF002002400044025815
:102708004000024000980024014805F067B800BF67
:10271800F09D00240C4B4FF60B71002203F5A860C6
:102728001980DA6099821A6219855A6399879A64BE
:10273800C3E90122C3E90622C3E90B22C3E9102237
:1027480054339842ECD170470098002484460FC94E
:102758008CE80F009CF800300B2B30D09CF801203F
:102768000F2A2CD8022900B591B041D0032902D0F4
:10277800012900D000210C91DCF80810012902D0B1
:10278800022918BF00210D91DCF80C10022904D091
:10279800032902D0012918BF00210A2B0E910FD856
:1027A8005B4800EB8320CCF810000A2B17D8DFE831
:1027B80003F0A0928476685A4C3E30220900704794
:1027C8000020F0E7534BD3F8E01041F48061C3F8E0
:1027D800E010D3F8E03003F480630A930A9B0123E6
:1027E8000BA993400B9305F04BFB11B05DF804FB6C
:1027F80011210C91C0E7474BD3F8E01041F4007168
:10280800C3F8E010D3F8E03003F400730993099B90
:10281800E5E7404BD3F8E01041F48071C3F8E010CD
:10282800D3F8E03003F480730893089BD7E7394B5B
:10283800D3F8E01041F08001C3F8E010D3F8E0309D
:1028480003F080030793079BC9E7324BD3F8E010E6
:1028580041F04001C3F8E010D3F8E03003F0400342
:102868000693069BBBE72B4BD3F8E01041F0200101
:10287800C3F8E010D3F8E03003F020030593059B7C
:10288800ADE7244BD3F8E01041F01001C3F8E01095
:10289800D3F8E03003F010030493049B9FE71D4B2B
:1028A800D3F8E01041F00801C3F8E010D3F8E030A5
:1028B80003F008030393039B91E7164BD3F8E0104A
:1028C80041F00401C3F8E010D3F8E03003F004034A
:1028D8000293029B83E70F4BD3F8E01041F002010B
:1028E800C3F8E010D3F8E03003F002030193019B32
:1028F80075E7084BD3F8E01041F00101C3F8E01088
:10290800D3F8E03003F001030093009B67E700BFB2
:10291800000002580044025803780B2B2DD042784F
:102928000F2A2AD84168022910B590B03ED0032951
:1029380002D0012900D000210C918168012902D020
:10294800022918BF00210D91C168022904D003296A
:1029580002D0012918BF00210A2B0E910ED85B4C1A
:1029680004EB832404610A2B17D8DFE803F009A0DD
:10297800928476685A4C3E30220070470024F1E772
:10298800534BD3F8E01041F00101C3F8E010D3F83D
:10299800E03003F001030093009B01230BA92046BC
:1029A80093400B9305F06CFA10B010BD11210C91F7
:1029B800C3E7474BD3F8E01041F48061C3F8E01057
:1029C800D3F8E03003F480630A930A9BE5E7404BB1
:1029D800D3F8E01041F40071C3F8E010D3F8E03008
:1029E80003F400730993099BD7E7394BD3F8E01038
:1029F80041F48071C3F8E010D3F8E03003F4807339
:102A08000893089BC9E7324BD3F8E01041F08001E6
:102A1800C3F8E010D3F8E03003F080030793079B76
:102A2800BBE72B4BD3F8E01041F04001C3F8E010AE
:102A3800D3F8E03003F040030693069BADE7244B40
:102A4800D3F8E01041F02001C3F8E010D3F8E030EB
:102A580003F020030593059B9FE71D4BD3F8E01077
:102A680041F01001C3F8E010D3F8E03003F0100390
:102A78000493049B91E7164BD3F8E01041F008014A
:102A8800C3F8E010D3F8E03003F008030393039B86
:102A980083E70F4BD3F8E01041F00401C3F8E010CE
:102AA800D3F8E03003F004030293029B75E7084B68
:102AB800D3F8E01041F00201C3F8E010D3F8E03099
:102AC80003F002030193019B67E700BF000002586F
:102AD8000044025810B592B0ADF804100180C9B294
:102AE800149C0B29C460C0E901233FD090F801C0B1
:102AF800BCF10F0F3AD8022A3FD0032A02D0012A8C
:102B080000D000220E92012B02D0022B18BF002306
:102B1800022C0F932CD0032C2AD0012C28D0002370
:102B28000A29109327D85C4A02EB812202610A29FC
:102B380014D8DFE801F0A39587796B5D4F41332501
:102B48000600564BD3F8E01041F48061C3F8E0105A
:102B5800D3F8E03003F480630C930C9B01230DA998
:102B6800104603FA0CF30D9305F08AF912B010BD64
:102B78000A291094D7D90022D8E711220E92C2E769
:102B8800464BD3F8E01041F40071C3F8E010D3F8D5
:102B9800E03003F400730B930B9BDFE73F4BD3F854
:102BA800E01041F48071C3F8E010D3F8E03003F48A
:102BB80080730A930A9BD1E7384BD3F8E01041F0B1
:102BC8008001C3F8E010D3F8E03003F080030993E4
:102BD800099BC3E7314BD3F8E01041F04001C3F83B
:102BE800E010D3F8E03003F040030893089BB5E702
:102BF8002A4BD3F8E01041F02001C3F8E010D3F8D5
:102C0800E03003F020030793079BA7E7234BD3F893
:102C1800E01041F01001C3F8E010D3F8E03003F001
:102C280010030693069B99E71C4BD3F8E01041F07C
:102C38000801C3F8E010D3F8E03003F00803059367
:102C4800059B8BE7154BD3F8E01041F00401C3F85E
:102C5800E010D3F8E03003F004030493049B7DE70D
:102C68000E4BD3F8E01041F00201C3F8E010D3F89E
:102C7800E03003F002030393039B6FE7074BD3F89D
:102C8800E01041F00101C3F8E010D3F8E03003F0A0
:102C980001030293029B61E70000025800440258B6
:102CA80008B5012143780069994089B205F0EAFA2C
:102CB800003818BF012008BD01230A464178006981
:102CC80003FA01F189B205F0E3BA00BF30B5002379
:102CD80087B0122204460493CDE9022302790A2A16
:102CE80010D83A48012A2568617900EB82200CD176
:102CF800062947D008294AD00A290AD1012D08D126
:102D0800334B48E0056841791846032A23D10C293A
:102D18004ED00422012305928B4001A9019305F0AE
:102D2800AFF8A2790A2A1ED82848012A236800EB9E
:102D38008220E4791AD1072C34D0092C2DD00B2C01
:102D48001CD00422012301A90592A340019305F098
:102D580097F807B030BD072ADBD10429D9D1012D56
:102D680030D00A46D6E723680020E479032AE8D160
:102D78000D2CE6D1032BE4D1164B17E0012BE0D143
:102D8800154B13E0D5B1032DC3D1144B03E0BDB1EE
:102D9800032DBED1124B5A7ABCE7ABB1032BD0D16D
:102DA800104B03E043B1032BCBD10F4B5A7AC9E741
:102DB800032DAED10D4BEEE70D4BF7E70D4BEAE7D0
:102DC8000D4BE8E70D4BE6E70D4BEFE70000025827
:102DD800BC290108E0290108C82901086829010857
:102DE80098290108B029010880290108D429010877
:102DF800742901085C2901088C290108EC290108BB
:102E0800A4290108634A0368934210B58CB028D0FE
:102E1800614A934258D0614A934200F09480604AD4
:102E2800934201D00CB010BD5E4C5F48D4F8E0303E
:102E380043F00203C4F8E030D4F8E03003F00203B2
:102E48000A930A9BFFF742FFD4F8F43043F080035B
:102E5800C4F8F430D4F8F43003F080030B930B9BE0
:102E6800E0E7504C5148D4F8E03043F00203C4F88E
:102E7800E030D4F8E03003F002030193019BFFF740
:102E880025FFD4F8E83000221F2043F40013114630
:102E9800C4F8E830D4F8E83003F400130293029B36
:102EA800D4F8D83043F00103C4F8D830D4F8D83077
:102EB80003F001030393039B03F08CFC1F200CB069
:102EC800BDE8104003F0C4BC364C3948D4F8E030B3
:102ED80043F08003C4F8E030D4F8E03003F0800316
:102EE8000493049BD4F8E03043F00203C4F8E030C4
:102EF800D4F8E03003F002030593059BFFF7E6FEE4
:102F0800D4F8E8300022212043F480031146C4F8A5
:102F1800E830D4F8E83003F480030693069BD4F82D
:102F2800D83043F00103C4F8D830D4F8D83003F0CF
:102F380001030793079B03F04DFC21200CB0BDE86B
:102F4800104003F085BC1B48FFF7C0FE154B00225C
:102F58004820D3F8E840114644F40004C3F8E84098
:102F6800D3F8E84004F400040894089CD3F8D84047
:102F780044F00104C3F8D840D3F8D83003F0010373
:102F88000993099B03F026FC48200CB0BDE81040CB
:102F980003F05EBC0054004000580040005C004054
:102FA800001C00580044025810A10024709E002400
:102FB800509F002430A000242DE9F0431A4B87B01D
:102FC80000254FF010099E46EC46184BFF22E046BC
:102FD80067461A700EF118060EF13004CDE9005557
:102FE800CDE90255ADF80090BCE80F00CDE90455D5
:102FF800AEE80F009CE803000095ADF800908EE85D
:103008000300B8E80F000FC69CE803000095ADF870
:10301800009086E803000FCF0FC49CE8030084E803
:10302800030007B0BDE8F083040000246C9E002470
:1030380010B5EFF3108472B6084B1A78120602D551
:1030480004B962B610BD1878054B40B2C0EBC00099
:1030580003EB4010143004F0C1FBF1E76C9E002430
:10306800709E0024014806F04DBA00BFFC9E002463
:10307800014806F047BA00BFDC9F0024014806F06B
:1030880041BA00BFBCA000242DE9F0430D6885B00B
:10309800404EC5EBC503032D4FEA431706EB431318
:1030A800036041DCCA680C46012A3DD84FEAC508CE
:1030B8004CD020689C466168A8EB0509A2680DF110
:1030C800100EE36806EB4919ACE80F00324B227C7E
:1030D8008CF80020D9F808C00FCB0EE90F000EEBD2
:1030E8008503BCF1010F53F8103CC9F88C3032D07D
:1030F800BCF1020F43D0BCF1000F36D0227C8C37D4
:10310800A8EB050500233744520006EB45160121BC
:103118003846C6F8AC30C6E92521C6E92733C6E9E2
:10312800293305F0B1FE18B1012005B0BDE8F083E0
:103138000146384606F0F2F90028F5D1014638462E
:1031480006F016FA003818BF0120EEE70A7C103A9C
:10315800672AAED9E8E702F0BFFC104B98420CBFD3
:103168000F4B104BC9F89030C8E702F0B5FC0B4B79
:1031780098420CBF0C4B0D4BC9F89030BEE702F0DB
:10318800ABFC064B98420CBF094B0A4BC9F8903070
:10319800B4E700BF709E0024B4280108000E27077A
:1031A8002D0FB0303211D0205F4390608A62E0303A
:1031B800200BA0101A0980102DE9F041D0F80080EA
:1031C80082B00D4617461E4608F18C04204606F0CC
:1031D800A1F92028FAD1D8F80C3073B96D0020462F
:1031E800089C33463A46A9B2009405F0A3FE00387D
:1031F80018BF012002B0BDE8F081089B324639466D
:10320800204606F055F8F2E7094B6FF0F41110224A
:103218005960C3F8E4101A7483F8F020C3F8C41195
:1032280083F8D021C3F8A41283F8B022704700BFF6
:10323800709E002430B5002395B04FF480710622AB
:1032480004460B9306921393CDE90C13CDE90E3384
:10325800CDE9113302F042FC07282BD004F1100508
:1032680041F2883206A9284607F0C0F928B101239F
:10327800184684F85C3015B030BD0222022306A936
:103288002846CDE9002310220123CDE9022300229C
:103298004FF48003CDE9042305224FF08073069292
:1032A8006A460F9341F2883307F00CFB0028DED101
:1032B80015B030BD0323012084F85C3015B030BD53
:1032C80070B50023A4B04FF080724FF480750446A7
:1032D800ADF806300D93CDE910320122CDE90E5339
:1032E800CDE91223CDE91433002943D0F02300F1AE
:1032F800100508AEADF80630C02341F288323146D9
:103308002846089307F072F928B10123184684F873
:103318005C3024B070BD41F288320DF106012846B8
:1033280007F0CEF903460028EFD105224FF480714B
:103338001E93284616924FF080721B9321931F927A
:1033480002AA9FED1F7BCDE91C13CDE922338DED39
:10335800027B9FED1D7B41F2883316A98DED047B1E
:103368009FED1B7B8DED067B07F0ACFA0028CCD1D6
:1033780024B070BD00F1100508AE612341F2883217
:1033880031462846089307F031F90028BDD141F2AB
:1033980088320DF10601284607F010FA0028B4D14A
:1033A800BDF80630204623F0780343F04003ADF81B
:1033B8000630FFF73FFF00289ED0A6E7AFF3008056
:1033C80000000000010000001000000001000000E3
:1033D80000000000000040002DE9F04F00234FF4EA
:1033E800807501264FF0807804462DED028BABB036
:1033F8008DF8073013932193299314950E96CDF8E1
:103408005C80CDE91533CDE91863CDE91A33CDE9F0
:103418002253CDE92433CDE9273306231C9302F048
:103428005DFB072808D004F1100741F288321CA977
:10343800384607F0DBF840B10123184684F85C30C1
:103448002BB0BDEC028BBDE8F08F4FF0020A4FF0B5
:10345800020B4FF0050941F2883308AA1CA9384627
:10346800CDF89480CDF870909FED2F8BCDE908AB07
:103478004FF0000A4FF4800B8DED0A8BCDE90CABB1
:1034880007F020FA0028D7D141F2883238460EA931
:1034980007F0ACF80028CFD1402341F288320DF173
:1034A800070138468DF8073007F00AF90028C3D11C
:1034B80041F288330EA902AA3846CDF83890CDF8E3
:1034C8005C809FED1B7BCDE906AB8DED027B9FED0C
:1034D8001A7B8DED047B07F0F5F903460028ABD184
:1034E800CDF870904FF00109CDF894804FF00008A6
:1034F800219308AA29931CA938462295CDE923339C
:10350800CDE9273341F288338DED0A8BCDE90CAB39
:10351800CDE9088907F0D6F9002891D0304684F81B
:103528005C608DE7AFF30080100000000100000030
:10353800400000004300000000800000010000007F
:103548002DE9F04F00234FF4807601254FF0807865
:1035580004462DED028BABB0CDE9153313932193BF
:10356800299314960E95CDF85C80CDE91853CDE9D2
:103578001A33CDE92263CDE92433CDE92733062375
:103588001C9302F0ABFA072808D004F1100741F2A7
:1035980088321CA9384607F029F840B1012318469B
:1035A80084F85C302BB0BDEC028BBDE8F08F4FF097
:1035B800020A4FF0020B4FF0050941F2883308AABE
:1035C8001CA93846CDF89480CDF870909FED308BCB
:1035D800CDE908AB4FF0000A4FF4800B8DED0A8B54
:1035E800CDE90CAB07F06EF90028D7D141F288324B
:1035F80038460EA906F0FAFF0028CFD1402341F241
:1036080088320DF1070138468DF8073007F058F871
:103618000028C3D19DF8073008AA0C90FF20089312
:103628004FF400430EA90B95CDF83890CDF85C8087
:10363800CDE909034FF4800338460D9341F28833EE
:1036480007F040F903460028A8D1002221932993C6
:103658001CA938462296CDF87090CDF89480CDE913
:103668002333CDE927330123CDE9022341F28833FF
:1036780002AA8DED048BCDE906AB07F023F90028EB
:1036880090D0284684F85C508CE700BFAFF30080E8
:10369800100000000100000070B50122AAB0044625
:1036A8000D465F48C02104F0F3FD00265D4B0696E9
:1036B8005B4895FAA5F5CDE90466D3F8E02042F019
:1036C8002002C3F8E020C022D3F8E03003F0200342
:1036D80001930123019902A9CDE9022304F0D0FB4B
:1036E800142002F0F9FB3246C0214D4804F0D0FD09
:1036F800142002F0F1FB0122C021494804F0C8FD62
:10370800142002F0E9FB0123474AE6612261C4E97B
:103718000533002D77D0B5FA85F1013900234FF430
:10372800807604F11005C4E908162846C4E90B336D
:1037380006F0EEFE30B101231D4684F85C302846C1
:103748002AB070BD66231690179041F28832139004
:103758000EA91B900E93CDE91460CDE919002846F7
:1037680006F044FF0028E6D199230EA941F28832D9
:1037780028460E9306F03AFF0028DCD105230121E4
:10378800249008AA219027901C934FF08073CDE9CC
:103798002260CDE928001020259341F28833CDE935
:1037A8000A019FED1D7B00204FF48001CDE90C013B
:1037B8001CA928468DED087B07F084F80028BAD1AB
:1037C8002046FFF7BDFE0028B5D1284606F0FCFECE
:1037D80005460028AFD123790A2B18D9637901212E
:1037E800994004F087FCA3790A2B0ED80F4800EB08
:1037F80083200126E17906FA01F104F07BFC2666B4
:1038080084F864609BE71F2188E70020F1E70748F8
:1038180000EB8320E2E700BF000000000100000089
:103828000014025800440258005000520000025888
:103838002DE9F041684CA2B00D46046002F04EF943
:1038480007284BD028682346AA68696807C3AA894D
:10385800184620F8042B267B677B06F0B5FE002867
:1038680034D1012E94F8643014BF4FF480154FF40E
:1038780000052366002B39D0584B95FAA5F523612E
:103888000123C4E905330023E361002D6ED0B5FAA6
:1038980085F1013900234FF480785148C4E90818AC
:1038A800C4E90B3306F034FE80B966230B901390FD
:1038B80041F2883206A90693CDE90C80CDE90E00C5
:1038C800CDE91100464806F091FEA0B101231D463E
:1038D80084F85C30284622B0BDE8F0810125032336
:1038E800284684F85C3022B0BDE8F081294620469D
:1038F800FFF7D2FEC0E7992341F2883206A938487B
:10390800069306F073FE0028E0D105231C90199059
:103918006A4614934FF08073219014A91D9341F2C5
:1039280088339FED277BCDE91A80CDE91F008DED07
:10393800007B9FED257B2A488DED027B9FED247B44
:103948008DED047B06F0BEFF0028BFD1314622482A
:10395800FFF7B6FC0028B9D11F48FFF73DFD054623
:103968000028B3D127B102232366B3E71F2191E7CB
:10397800EB2300260027189014934FF440631F9000
:1039880006AA1B934FF40053209014A917934FF4E1
:10399800404313481C93A023CDF868801693062350
:1039A80019934FF0805321934FF04073CDE9066788
:1039B8001D9306F0FFFF0028D5D087E7AFF30080FE
:1039C80000000000010000001000000001000000DD
:1039D8000000000000004000F0A100240050005248
:1039E80000A200245E4B02682DE9F0419A428CB097
:1039F8004FF00004CDE90744CDE909440B9402D007
:103A08000CB0BDE8F081574B574DD3F8D420574F31
:103A180042F48042564EDFF85C81C3F8D420D3F8D4
:103A2800D42002F480420092009ADA6F42F4804275
:103A3800DA67DA6F22F48042DA67D3F8E02042F0DE
:103A48004002C3F8E020D3F8E02002F040020192DF
:103A5800019AD3F8E02042F02002C3F8E020D3F81E
:103A6800E02002F020020292029AD3F8E02042F00D
:103A78001002C3F8E020D3F8E02002F0100203920D
:103A8800039AD3F8E02042F00202C3F8E020D3F80A
:103A9800E03003F002030493049B22E014F0FC02DC
:103AA80052D103F1200155F8211008780A2839D895
:103AB80091F801C00121099207EB802201FA0CF16B
:103AC80007910221CDF81480089103210A910CA9CD
:103AD8000B4413F81C3C07A9104601340B9304F05F
:103AE800CFF92A6EE3B2002AD8D0052B2CD803F1DF
:103AF8001A0255F822100A780A2A18D94978012298
:103B08008A40022107920022CDE9081203210A9176
:103B18000CA90B4496E803000590ADF8181013F8AB
:103B28001C3CD8E74878012109928140C8E74878C9
:103B3800012107EB82228140022007910021CDE973
:103B4800080103210A91E3E700225C20114602F0F4
:103B580041FE5C2002F07CFE0CB0BDE8F08100BFA5
:103B68000050005200440258F0A1002400000258FE
:103B7800F82901080A0A090A0268F8B5194B9A4295
:103B880000D0F8BD184A0024184F0125D2F8D430C7
:103B9800174E23F48043C2F8D43011E014F0FC0F20
:103BA8001BD157F821301A780020597801340A2A95
:103BB80005FA01F198BF06EB822089B204F09AFA5F
:103BC800E3B23A6E03F12001002AE7D0052B03F196
:103BD8001A0202D857F82230E5E75C20BDE8F84021
:103BE80002F044BE0050005200440258F0A10024E4
:103BF80000000258014806F069BF00BF00A2002477
:103C08000E4B6FF0F4120021981C30B41C1D9D1D42
:103C18009A605D671C67C3E90022C3E9181103F1C4
:103C28000A0203F1080130BCC3E91A30C3E91E12C5
:103C3800C3E92030C3E92212704700BFF0A1002475
:103C480038B5036871B9026A00F1280500F5AC744B
:103C5800012A0CBF002140218BBB1D4B5722C0F805
:103C680058310DE0426A00F1C00500F5E874012AF8
:103C78000CBF00214021EBB1164B5A22C0F8D031BD
:103C880000232046C4E901214FF480524FF480619B
:103C9800636262614FF48042C4E903314FF4807378
:103CA800C4E906234FF40033236202F045FF58B1FC
:103CB800FFBEFEE7084B5822C0F8D031E0E7074BBB
:103CC8005922C0F85831DBE7C5E92044A56338BD5F
:103CD80010000240700002402800024058000240D4
:103CE8002DE9F043C28889B081468388ADF8002069
:103CF8000089B9F80A10B9F80C20ADF80230D9F8E3
:103D08001830ADF80400ADF80610ADF80820002B07
:103D18003FD0D9F81C70B7FA87F77F09012502232D
:103D28006C460DF10A06DFF870800695CDE904357A
:103D380099F8042020788242627818D0D9F80010C7
:103D4800F9B1012902D1F8B10A2107910A2805FA27
:103D580002F203A994BF08EB80200020039204F02C
:103D68008FF80234A642E3D109B0BDE8F08399F890
:103D780005109142E2D1002FF3D0D9F800100029A4
:103D8800DFD106210791E1E7022A0CBF08210A21A9
:103D9800DBE70127C2E700BF00000258534A036867
:103DA800934230B505468BB055D02032934252D05D
:103DB8004F4A934204D02032934201D00BB030BD19
:103DC8004C4C4D48D4F8E03043F00103C4F8E030DF
:103DD800D4F8E03003F001030593059BD4F8E030F4
:103DE80043F00803C4F8E030D4F8E03003F00803E7
:103DF8000693069BD4F8E03043F04003C4F8E03063
:103E0800D4F8E03003F040030793079BD4F8F03070
:103E180043F40003C4F8F030D4F8F03003F400039E
:103E28000893089BFFF75CFFD4F8D830296843F063
:103E380001032F4A3048C4F8D830891AD4F8D8304A
:103E480018BF012103F001030993099B0BB0BDE8DA
:103E58003040FFF7F5BE274C2848D4F8E03043F04F
:103E68000103C4F8E030D4F8E03003F00103009314
:103E7800009BD4F8E03043F01003C4F8E030D4F8E5
:103E8800E03003F010030193019BD4F8E03043F0D5
:103E98004003C4F8E030D4F8E03003F04003029364
:103EA800029BD4F8F03043F48003C4F8F030D4F81F
:103EB800F03003F480030393039BFFF711FFD4F85A
:103EC800D830296843F00103084A0C48C4F8D830B0
:103ED800891AD4F8D83018BF012103F001030493DC
:103EE800049B0BB0BDE83040FFF7AABE0458014060
:103EF800045C014000440258DCA4002480A2002491
:103F0800014803F06BBC00BFD8A30024014803F0AC
:103F180065BC00BF50A40024014803F05FBC00BF8B
:103F280034A60024014803F059BC00BFACA6002405
:103F38001A4A0368934210B40BD02032934208D037
:103F4800174A934216D02032934213D05DF8044B9F
:103F58007047144B0022D3F85442C3F85822002C5F
:103F6800F4D0D3F84802D3E9931223465DF8044B02
:103F7800520818470B4B0022D3F8B044C3F8B424B6
:103F8800002CE3D0D3F8AC24D3F8A814D3F8A404B5
:103F9800520823465DF8044B184700BF04580140F7
:103FA800045C014080A20024184A0368934210B4BC
:103FB8000BD02032934208D0154A934217D02032B2
:103FC800934214D05DF8044B7047124BD3E9942404
:103FD8005208C3F85822002CF4D0D3E992012346A2
:103FE80001EB820100EB82005DF8044B1847094B96
:103FF800D3F8AC24D3F8B0445208C3F8B424002C46
:10400800E0D0D3F8A814D3F8A404E8E70458014092
:10401800045C014080A200242DE9F0470C684FF4AD
:1040280017767B4F86B004FB06F6012C07EB0608D3
:10403800C0F800807FDC00230D468E46C446C8F8D1
:104048005032C8E992336EA3D3E900236EA1D1E9B7
:104058000001CDE9022306AB03EB8403CDE904019B
:1040680053F810AC53F8089CBEE80F00ACE80F00FA
:10407800BEE80F00ACE80F009EE80300C8F828A0CF
:10408800C8F8C0908CE803002B69042B0CD8DFE833
:1040980003F0818B959F03004FF417735D4A03FB70
:1040A80004739A64C3F8E020AB69012B5ED0002B3F
:1040B80040F0A3802A6A111E4FF4177218BF01211D
:1040C80002FB0472C2E90B13EA69002A3AD16B6A4F
:1040D800191E4FF4177318BF012103FB0473C3E9BA
:1040E8003112696901293FD0022928D1032500210D
:1040F8004FF4177306F128002A46019103FB047355
:10410800002438445C645C63DC65C3F8DC40C3F8B5
:10411800CC40C3F8F440C3E90F44C3E91544C3E9EC
:104128003544C3E93B44022309F0D6F80199002835
:1041380058D0FFBEFEE7012006B0BDE8F087002595
:104148002946D5E76A6A83F00103002A4FF41772FB
:1041580002FB0472C2F8C8300CBF02230323C2F862
:10416800C43069690129BFD10225C1E7EB69A3F110
:104178000103B3FA83F35B092A6A002A4FF4177222
:1041880008BF022102FB047218BF0321D16201217A
:10419800116399E74FF417734FF4FA5203FB047352
:1041A8009A64C3F8E0207FE74FF417734FF47A520C
:1041B80003FB04739A64C3F8E02075E74FF41773A0
:1041C8004FF4FA4203FB04739A64C3F8E0206BE7E8
:1041D8004FF417734BF6803203FB04739A64C3F8E9
:1041E800E02061E706F1C00002232A46384409F0BE
:1041F80073F80028A0D0FFBEFEE70023BCE700BF8D
:1042080004580140045C014024580140245C0140EA
:1042180080A200240077010000687047D0B50468C8
:1042280082B016460F46C4F85032C4E99212069A74
:10423800C4F85422D4E90620012829D1012A18D02B
:10424800626A04F1C000012A9AB23ED03146019256
:1042580009F0FCF8019AC0B9236A04F12800012B7F
:104268002AD0314609F0F2F8003818BF012002B010
:10427800D0BD626A04F1C000012A9AB2E6D1019267
:1042880009F076F9019A0028E6D0012002B0D0BDE5
:10429800012AD5D1226A04F12800012A9AB20FD046
:1042A8003146019209F0D2F8019A0028EDD1636AEB
:1042B80004F1C000012BD4D1394609F059F9D3E7EC
:1042C800019209F055F9019AEFE73946019209F090
:1042D8004FF9019AD7E700BF03681B69042B05D87B
:1042E800044A02EB830393ED000A70479FED020A2C
:1042F800704700BF002A010800803B470368D3F8D5
:1043080058027047064B6FF0F4124FF60B71C3E971
:1043180001229981A3F86812C3E99822704700BF67
:1043280080A200241F4BC1680268F0B5D3F88C50F6
:1043380083B00369ADB24D1BA2B1AB4212D00446A3
:10434800866811D2F018E91ACDE9001001F052F987
:104358000023DDE90010D4E90062B047E368256175
:10436800AB421BD003B0F0BDF018C91ACDE900016B
:1043780001F040F90023DDE90001D4E90072B847F3
:104388003046294601F036F900233046626829464E
:104398002668B047E3682561AB42E3D10023236177
:1043A80003B0F0BD000002402DE9F84F04460F4667
:1043B80090461E4600F13405284609F053FD202892
:1043C800FAD14FF480630020C4F8D830C4F85031D3
:1043D8004FF44033C4F8D400C4F8E830C4F860316E
:1043E8004E4BC4F8E400C4F8C83003F57A73C4F837
:1043F800EC00C4F840314023C4F8D000C4F8483178
:10440800E369C4F84C01C4F85C01C4F86401C4E968
:104418003700C4E95500072B0BD8DFE803F06153D8
:104428005A373E454C045123C4F8CC305223C4F8C3
:10443800443104F5A079484602F07EFB08B1FFBE7E
:10444800FEE7C4F8B090C4F87851EFF3108972B65B
:10445800DFF8D0B094F91C30DFF8CCA08BF800302E
:104468000A9B2F4CCAF800300B9B23600EB11846EC
:10447800B0471FFA88F23946284609F0EFF9B0BB71
:10448800B9F1000F00D162B6BDE8F88F3F23C4F838
:10449800CC304023C4F84431CBE74123C4F8CC30B6
:1044A8004223C4F84431C4E74723C4F8CC30482336
:1044B800C4F84431BDE74F23C4F8CC305023C4F8C6
:1044C8004431B6E72B23C4F8CC302C23C4F844314C
:1044D800AFE72D23C4F8CC302E23C4F84431A8E725
:1044E8002923C4F8CC302A23C4F84431A1E7FF2398
:1044F8008BF800300023CAF8003023600A9B3BB1D8
:104508000B98012198470120B9F1000FBCD1BAE7F7
:104518000120B9F1000FB7D1B5E700BF880002400C
:10452800B8B60024B4B60024B0B600242DE9F84F7C
:1045380004460F4690461E4600F13405284609F009
:1045480091FC2028FAD14FF480630020C4F8D830B9
:10455800C4F850314FF44033C4F8D400C4F8E830FC
:10456800C4F860314E4BC4F8E400C4F8C83003F511
:104578007A73C4F8EC00C4F840314023C4F8D00082
:10458800C4F84831E369C4F84C01C4F85C01C4F8C4
:104598006401C4E93700C4E95500072B0BD8DFE8EC
:1045A80003F061535A373E454C045123C4F8CC30CC
:1045B8005223C4F8443104F1C809484602F0BCFA51
:1045C80008B1FFBEFEE7C4F8B490C4F80051EFF399
:1045D800108972B6DFF8D0B094F91C30DFF8CCA09F
:1045E8008BF800300A9B2F4CCAF800300B9B2360D5
:1045F8000EB11846B0471FFA88F2394628460AF025
:10460800DFF8B0BBB9F1000F00D162B6BDE8F88F92
:104618003F23C4F8CC304023C4F84431CBE74123CE
:10462800C4F8CC304223C4F84431C4E74723C4F863
:10463800CC304823C4F84431BDE74F23C4F8CC300C
:104648005023C4F84431B6E72B23C4F8CC302C23CC
:10465800C4F84431AFE72D23C4F8CC302E23C4F876
:104668004431A8E72923C4F8CC302A23C4F84431BC
:10467800A1E7FF238BF800300023CAF8003023603D
:104688000A9B3BB10B98012198470120B9F1000F13
:10469800BCD1BAE70120B9F1000FB7D1B5E700BF27
:1046A80088000240B8B60024B4B60024B0B600248E
:1046B8002DE9F0410D4682B0EFF3108772B600295C
:1046C80048D1FF23254A264C237013682BB10020BC
:1046D80029461060234A1068984723781B0625D579
:1046E800DFF888800025204E444605E001351C345B
:1046F80006F5DC76092D19D0A369012B1BD0002BF8
:10470800F4D1216830460029F0D063690193236908
:104718000093E3682289FFF709FF0028E6D1C5EB7B
:10472800C50508EB850348F82500586007B962B647
:1047380002B0BDE8F08161680029D7D063693046CE
:10474800019323690093E3682289FFF72DFE00286F
:10475800CCD1E4E709F0AEFFB3E700BFB0B6002460
:10476800B4B60024B8B6002438A700244C000024AE
:10477800F0B5002387B0022204460493CDE9022352
:10478800C369007E5D000B2821D1A07E0B2802D1D1
:10479800002007B0F0BD454A6B1C454952F823304C
:1047A8004D780A781978E47E8A424CD088425AD0EB
:1047B800D978DE1C91424ED088426DD099799E1DE1
:1047C8008A4265D088426CD0012007B0F0BD374BD3
:1047D800374953F825300A7891F801E0197894F8A8
:1047E80019C08A4222D0884225D0D978DE1C8A4254
:1047F80025D0884233D099799E1D8A4227D0884295
:10480800E2D1DB796345DFD133469B780A280593EB
:1048180008D90020012301A903FA0CF3019303F03E
:104828002FFBB2E7234B03EB8020F3E75E78764556
:10483800DBD08842D9D159786145D6D1E5E71F79CF
:104848007745D6D1D7E75E78AE42AFD1B0E7DA790F
:104858007245D4D1B8E71F79AF42ADD1AEE7197927
:104868006145C8D1D0E75978A142A1D19B780A28DF
:10487800059309D90020012301A9A340019303F05E
:10488800FFFA002007B0F0BD0A4B03EB8020F2E7E7
:10489800DA79AA4296D197E71979A1428ED133469F
:1048A800E4E7DB79A3428FD13346DFE764010024D4
:1048B8006001002400000258B34A0368934270B5AF
:1048C800A4B000F03D82A2F54C42934200F03A8237
:1048D80002F58062934200F0378202F580629342CB
:1048E80000F0348202F58062934200F0338202F5D0
:1048F8004442934200F02C82A2F51C42934200F0FD
:104908002B8202F58062934200F028829F4A9342EC
:1049180040F0268208259E4C4FF4DC7000FB0540D1
:10492800837E0A2B19D8DFE813F0B701C501D3013C
:10493800E101EF01FD017F018D019B01A9010B0040
:10494800944BD3F8E02042F48062C3F8E020D3F817
:10495800E03003F480631E931E9B037E0A2B19D854
:10496800DFE813F0380146015401CB00D900E70015
:10497800F50003011C012A010B00864BD3F8E02047
:1049880042F48062C3F8E020D3F8E03003F4806397
:104998001393139B4FF4DC7303FB0543DB69082B6C
:1049A80013D8DFE803F03A48566472808E9C0500FD
:1049B800784BD3F8F42042F00802C3F8F420D3F877
:1049C800F43003F008030893089BFFF7D1FE012891
:1049D80001D1FFBEFEE74FF4DC7324AA6E4E0DF141
:1049E8007C0C03FB0544E36902EB43050FCEACE8FE
:1049F8000F0033680022ACF80030114635F9140C6A
:104A080001F0E8FEE36924AA02EB430333F9140C2E
:104A180024B0BDE8704001F01BBF5E4BD3F8F02016
:104A280042F01002C3F8F020D3F8F03003F010037E
:104A38000093009BC9E7574BD3F8E82042F40032B3
:104A4800C3F8E820D3F8E83003F400330193019B5E
:104A5800BBE7504BD3F8E82042F48022C3F8E820A3
:104A6800D3F8E83003F480230293029BADE7494B67
:104A7800D3F8E82042F40022C3F8E820D3F8E8305D
:104A880003F400230393039B9FE7424BD3F8E820EA
:104A980042F48012C3F8E820D3F8E83003F4801316
:104AA8000493049B91E73B4BD3F8F02042F020029B
:104AB800C3F8F020D3F8F03003F020030593059BEA
:104AC80083E7344BD3F8E82042F08042C3F8E8206B
:104AD800D3F8E83003F080430693069B75E72D4B27
:104AE800D3F8E82042F00042C3F8E820D3F8E830D1
:104AF80003F000430793079B67E7264BD3F8E020B2
:104B080042F00802C3F8E020D3F8E03003F00803CD
:104B18000C930C9B3EE71F4BD3F8E02042F01002A9
:104B2800C3F8E020D3F8E03003F010030D930D9B99
:104B380030E7184BD3F8E02042F02002C3F8E02019
:104B4800D3F8E03003F020030E930E9B22E7114BBD
:104B5800D3F8E02042F04002C3F8E020D3F8E03078
:104B680003F040030F930F9B14E70A4BD3F8E020A0
:104B780042F08002C3F8E020D3F8E03003F080036D
:104B88001093109B06E700BF00100140000C00586E
:104B980038A7002400440258C4280108724BD3F8EF
:104BA800E02042F48072C3F8E020D3F8E03003F448
:104BB80080731193119BEDE66B4BD3F8E02042F420
:104BC8000072C3F8E020D3F8E03003F400731293C6
:104BD800129BDFE6644BD3F8E02042F00102C3F8F1
:104BE800E020D3F8E03003F001030993099BD1E6F4
:104BF8005D4BD3F8E02042F00202C3F8E020D3F87E
:104C0800E03003F002030A930A9BC3E6564BD3F83D
:104C1800E02042F00402C3F8E020D3F8E03003F0CB
:104C280004030B930B9BB5E64F4BD3F8E02042F0FF
:104C38004002C3F8E020D3F8E03003F040031A93B1
:104C48001A9B8AE6484BD3F8E02042F08002C3F86A
:104C5800E020D3F8E03003F080031B931B9B7CE635
:104C6800414BD3F8E02042F48072C3F8E020D3F837
:104C7800E03003F480731C931C9B6EE63A4BD3F828
:104C8800E02042F40072C3F8E020D3F8E03003F4E7
:104C980000731D931D9B60E6334BD3F8E02042F070
:104CA8000102C3F8E020D3F8E03003F001031493C5
:104CB800149B52E62C4BD3F8E02042F00202C3F8D2
:104CC800E020D3F8E03003F002031593159B44E687
:104CD800254BD3F8E02042F00402C3F8E020D3F8D3
:104CE800E03003F004031693169B36E61E4BD3F808
:104CF800E02042F00802C3F8E020D3F8E03003F0E7
:104D080008031793179B28E6174BD3F8E02042F0C7
:104D18001002C3F8E020D3F8E03003F01003189332
:104D2800189B1AE6104BD3F8E02042F02002C3F893
:104D3800E020D3F8E03003F020031993199B0CE628
:104D48000025E8E50125E6E50225E4E50325E2E599
:104D58000525E0E50425DEE50625DCE50725DAE599
:104D680000239B7EFFDE00BF004402582DE9F04F70
:104D780091B0002301223F490DF1240A09938B4683
:104D880001F11C09CAF8143001F13808CDF800A067
:104D980001F15407CDF804A001F17006CDF808A080
:104DA80001F18C05CDF80CA001F1A804CDF810A0F4
:104DB80001F1C40ECDF814A001F1E00CCAE90133E9
:104DC800CAE903330F92FF222B4BCDE906AA1A70CA
:104DD800BAE80F00ABE80F009AE80700009B8BE8E1
:104DE80007009B46BBE80F00A9E80F009AE80700F8
:104DF800019B89E807009946B9E80F00A8E80F0069
:104E08009AE80700029B88E807009846B8E80F0070
:104E18000FC79AE80700039B87E807001F460FCFD4
:104E28000FC69AE80700049B86E807001E460FCEC7
:104E38000FC59AE80700059B85E807001D460FCDBA
:104E48000FC49AE80700069B84E807001C460FCCAD
:104E5800AEE80F00079B9AE807001C468EE807009B
:104E68000FCCACE80F009AE807008CE8070011B0F7
:104E7800BDE8F08F4C000024B4B6002410B5094CEE
:104E880004F1340008F0D0FD237D1BB1636BDB69AE
:104E9800DB0600D410BD2046FFF744FA636B1022EE
:104EA8001A6210BD38A7002410B50B4C04F5F67033
:104EB80008F0BAFD94F8CC3123B1D4F8EC31DB69B1
:104EC800DB0600D410BD04F5DC70FFF72BFAD4F82C
:104ED800EC3110221A6210BD38A7002410B50B4C13
:104EE80004F5697008F0A0FD94F8843323B1D4F870
:104EF800A433DB69DB0600D410BD04F55C70FFF752
:104F080011FAD4F8A43310221A6210BD38A700246D
:104F180010B50B4C04F25C5008F086FD94F83C3553
:104F280023B1D4F85C35DB69DB0600D410BD04F589
:104F3800A560FFF7F7F9D4F85C3510221A6210BDA6
:104F480038A7002410B50B4C04F2147008F06CFD5F
:104F580094F8F43623B1D4F81437DB69DB0600D4AF
:104F680010BD04F5DC60FFF7DDF9D4F81437102222
:104F78001A6210BD38A7002410B50B4C04F6CC00FB
:104F880008F052FD94F8AC3823B1D4F8CC38DB697A
:104F9800DB0600D410BD04F69800FFF7C3F9D4F877
:104FA800CC3810221A6210BD38A7002410B50B4C5B
:104FB80004F6842008F038FD94F8643A23B1D4F854
:104FC800843ADB69DB0600D410BD04F52560FFF7E1
:104FD800A9F9D4F8843A10221A6210BD38A700241F
:104FE80010B50B4C04F63C4008F01EFD94F81C3C30
:104FF80023B1D4F83C3CDB69DB0600D410BD04F6D1
:105008000840FFF78FF9D4F83C3C10221A6210BD13
:1050180038A7002410B50B4C04F6F45008F004FD32
:1050280094F8D43D23B1D4F8F43DDB69DB0600D411
:1050380010BD04F55C60FFF775F9D4F8F43D102253
:105048001A6210BD38A7002410B5EFF3108472B6A9
:10505800084B1A78120602D504B962B610BD1B783F
:105068004FF4DC7204485BB202FB0300C83002F064
:10507800B5FBF1E7B4B6002438A7002410B5EFF368
:10508800108472B6094B1A78120602D504B962B6B2
:1050980010BD1B784FF4DC7205485BB202FB0300BD
:1050A80000F5A07002F09AFBF0E700BFB4B6002448
:1050B80038A700240021FFF7FBBA00BF214A036884
:1050C80093422BD0A2F54C42934229D002F580623C
:1050D800934227D002F58062934225D002F5806280
:1050E800934223D002F54442934221D0A2F51C42B8
:1050F80093421FD002F5806293421DD0124A934218
:105108001CD108224FF4DC71104B01FB0233197DCE
:1051180011B11846FFF706B9FFF7CABA0022F1E73E
:105128000122EFE70222EDE70322EBE70422E9E799
:105138000522E7E70622E5E70722E3E700231B7DD0
:10514800FFDE00BF00100140000C005838A7002403
:10515800204A0368934229D0A2F54C42934227D0B3
:1051680002F58062934225D002F58062934223D0F3
:1051780002F58062934221D002F5444293421FD047
:10518800A2F51C4293421DD002F5806293421BD0C7
:10519800114A93421AD1082310484FF4DC7202FBDB
:1051A8000300037D03B97047FFF7BCB80023F3E79A
:1051B8000123F1E70223EFE70323EDE70423EBE7FD
:1051C8000523E9E70623E7E70723E5E700231B7D37
:1051D800FFDE00BF00100140000C005838A7002473
:1051E800214A036893422BD0A2F54C42934229D01E
:1051F80002F58062934227D002F58062934225D05F
:1052080002F58062934223D002F54442934221D0B2
:10521800A2F51C4293421FD002F5806293421DD032
:10522800124A93421CD108224FF4DC71104B4FF004
:10523800000C01FB0233012183F814C0FFF738BAD0
:105248000022F1E70122EFE70222EDE70322EBE774
:105258000422E9E70522E7E70622E5E70722E3E774
:1052680000231B75FFDE00BF00100140000C005832
:1052780038A700242DE9F0414F684FF4DC76DFF8B9
:10528800C0808E4607FB06F60C46082F08EB06057D
:10529800056005F1180CBEE80F00ACE80F009EE8A9
:1052A80007008CE8070002D86B6A022B02D901209C
:1052B800BDE8F0812A6A032AF9D8A96A0229F6D832
:1052C800E86A0228F3D80131DFF878C0343689005B
:1052D8005CF8277046446F63A469A9641549AC63F8
:1052E80051F823306B64144B53F82230134A2B6463
:1052F800002352F8201001223046EB65E963C5E926
:105308001333C5E9153209F0D5F90028CFD1014684
:10531800304609F09DFA0028C9D10146304609F007
:10532800D9FA0028C3D1304609F074FA0028BED152
:105338002875BDE7382A0108442A0108542A0108BB
:1053480038A70024142A0108594B0122002147F6E6
:10535800122030B46FF0F4141A6259629C61C3F8D9
:10536800D041C3F88843C3F84045C3F84825C3F87B
:105378004C15C3F85425C3F85805C3F8F846C3F8C4
:105388000027C3F80417C3F80C27C3F81007C3F89D
:10539800B048C3F8B828C3F8BC18C3F8C428C3F881
:1053A800C808C3F8684A434DC3E90B20C3E976210E
:1053B800C3E97920C3E9E421C3E9E720C3F8702AE7
:1053C800C3F8204CC3F8D84D3B4CC3F8741AC3F843
:1053D8007C2AC3F8800AC3F8282CC3F82C1CC3F80D
:1053E800342CC3F8380CC3F8E02DC3F8E41DC3F817
:1053F800EC2D2188A278C3F8F00D304B3048A3F883
:1054080003105A71D9801A722E4B2A72E980A3F8B8
:1054180003102D4D5A71D9801A722C4BE9802A72CB
:10542800A0F803104271C1800272A3F803105A71E8
:10543800D98020681A72040C254B264DA3F8031056
:105448005A71D9801A7218809C70234BE980A3F88E
:1054580003105A71D9801A72204B2A72A3F80310CC
:105468005A71D9801A721E4BA3F803105A71D98049
:105478001A721C4B18809C70A3F803105A71D980BB
:105488001A72194B18809C701848A3F803105A71A7
:10549800D9801A72164BA0F803104271C1800272AB
:1054A800A3F803105A71D9801A7230BC704700BF34
:1054B80038A70024000200246001002418020024F8
:1054C8000C02002430020024F401002424020024E9
:1054D800D4B60024D00100243C020024E8010024B2
:1054E800DC010024C8B60024BCB600245401002402
:1054F800480100243E4B00220B20114610B5D3F87A
:10550800D84082B044F00104C3F8D840D3F8D8405A
:1055180004F001040094009CD3F8D84044F002043D
:10552800C3F8D840D3F8D83003F002030193019BA5
:1055380001F050F90B2001F08BF900220C201146E4
:1055480001F048F90C2001F083F900220D201146E2
:1055580001F040F90D2001F07BF900220E201146E0
:1055680001F038F90E2001F073F900220F201146DE
:1055780001F030F90F2001F06BF9002210201146DC
:1055880001F028F9102001F063F900223C201146AF
:1055980001F020F93C2001F05BF9002211201146AE
:1055A80001F018F9112001F053F9002238201146B2
:1055B80001F010F9382001F04BF90022392011468A
:1055C80001F008F9392001F043F900223A20114688
:1055D80001F000F93A2001F03BF900223B20114686
:1055E80001F0F8F83B2002B0BDE8104001F030B9F6
:1055F80000440258203100290FDD20F01F00BFF3BE
:105608004F8F064A0144C2F85C0220300B1A002B67
:10561800F9DCBFF34F8FBFF36F8F704700ED00E0E9
:10562800704700BF08B500F045FCBDE8084001F030
:1056380099B900BF064808B503680BB102F02CFE03
:10564800044803681BB1BDE8084003F0BDBF08BDAE
:10565800F8BB0024E8B60024064808B503680BB177
:1056680002F01AFE044803681BB1BDE8084003F0C5
:10567800ABBF08BDF8BB0024E8B60024064808B54F
:1056880003680BB102F008FE044803681BB1BDE8CB
:10569800084003F099BF08BDF8BB0024E8B6002411
:1056A800364BDA6A520062D59A6A9A6A9A6A9B6A93
:1056B800180600D500BE314B9B6A990600D500BE7E
:1056C8002E4B9B6ADA0600D500BE2C4B9B6A1B0743
:1056D80000D500BE294B9B6A980700D500BE274B12
:1056E8009B6AD90700D500BE244B9B6A1A0400D5D3
:1056F80000BE224B9B6A9B0400D500BE1F4B9B6AD1
:10570800D80400D500BE1D4B9B6A190500D500BE04
:105718001A4B9B6A5A0500D500BE184B9B6A9B051D
:1057280000D500BE154B9B6AD80500D500BE134BAB
:105738009B6A990100D500BE104B9B6ADA0100D51F
:1057480000BE0E4B9B6A1B0300D500BE0B4B9B6A29
:10575800580300D500BE094B9B6A990300D500BECB
:10576800064B9B6ADA0306D400BE00BEFEE7DB6A7E
:105778009B07FAD5F8E700BEF6E700BF00ED00E0AA
:1057880000F0A4BB00F0A8BB0A4B9B6803F1784368
:10579800B3F5003F0BD3084B986848B198680128C7
:1057A80006D09868022803D09B6803207047012020
:1057B800704700BF00ED00E00000803800000000E6
:1057C8002DE9F041CEB004464C2200210AA80DF084
:1057D8005DF82022002102A80DF058F8C02200210F
:1057E8001EA80DF053F8022004F0ACFD2368012B2D
:1057F8004FF0000354D0584A02250193C820D16ABB
:10580800564B21F00101D162D26A02F001020192E5
:105818009A6942F440429A619B6903F440430193B8
:10582800019B4E4A93699B04FCD54D4902240022F2
:1058380001268B6A04274FF0080823F0030323434B
:105848008B62052316900AA818934FF4803310969C
:10585800179419941597CDF86880CDE91B22212259
:10586800CDE91344CDE90A2305F0D0FA00B1FEE7EB
:105878003F220323294602A8CDE902230022082358
:10588800CDE9042340224023CDE9062340234FF4E9
:105898008062CDE9082305F053FE0346B8B1FEE760
:1058A8002E4A04250093F02091692B4B41F4404186
:1058B8009161926902F440420092DA6A42F0010270
:1058C800DA62DB6A03F001030093009BA9E7202258
:1058D80026932E9380212C924FF4805231930625E3
:1058E8003F931EA8279236924FF4803225914FF4A9
:1058F800401132924792002228958025409110212C
:10590800CDF888802B9720962A91CDE92F3440F244
:10591800271329934FF480632D930023CDE9234661
:10592800CDE93C234FF480740C2344940224219342
:1059380007A3D3E90023CDE93445CDE91E2306F0BA
:10594800EBF800B1FEE704F021FD4EB0BDE8F081B0
:105958000F130F030000000000040058004802580D
:105968000044025870B584B0012400F0A9FF4FF438
:1059780080764FF04052194B68460025ADF800403C
:105988000396CDE9012300F0B9FF19224FF04043F7
:1059980068468DF8082001938DF80F40ADF80D602A
:1059A8008DF801408DF80A5000F0A8FF02230B2261
:1059B80068468DF80F508DF801304FF062538DF81E
:1059C80008200193ADF80D408DF80A4000F096FFCD
:1059D800042000F083FF04B070BD00BF0E00010377
:1059E80030B50D46044685B0D1E9000184E80300CE
:1059F80000F030FAAB79002B63D0FFF77BFDFDF7A1
:105A0800DBFA0BF033F9FFF7B1F92B795BB3304CC4
:105A1800636913F4803326D1C4F88430BFF34F8F01
:105A2800D4F8801043F6E07EC1F34E3CC1F3C901BF
:105A38004FEA4C1C0CEA0E000B4640EA8372013B0D
:105A4800C4F860225A1CF8D1ACF1200C1CF1200FCC
:105A5800F0D1BFF34F8F636943F480336361BFF3C1
:105A68004F8FBFF36F8F6B79B3B1194A536913F432
:105A7800003311D1BFF34F8FBFF36F8FC2F850328D
:105A8800BFF34F8FBFF36F8F536943F400335361F4
:105A9800BFF34F8FBFF36F8F4FF0FF320023002407
:105AA800002569460B4802928DF80C30CDE9004577
:105AB8000BF010FD07480BF075FD0AF073FA05B0FE
:105AC80030BD2046FFF77CFE2046FFF74BFF94E7EA
:105AD80000ED00E0E0B6002405F09ABE1C4B9B6880
:105AE80003F17842B2F5003F25D3B3F5803F20D3C8
:105AF80003F16042B2F5003F1FD303F15C42B2F5F7
:105B0800002F1CD303F17042B2F5902F19D303F183
:105B18004842B2F5803F16D303F18042B2F1806F5C
:105B280013D303F1E043B3F5000F2CBF082007207F
:105B380070470120704700207047022070470320FB
:105B4800704704207047052070470620704700BF43
:105B580000ED00E003480023034A044903600CF009
:105B68004FBE00BFE0B600240000002429560008FC
:105B780010B4204C0022204B83B0D4F888101F4862
:105B880041F47001C4F8881019681D4C41F00101F6
:105B980019601A61196808401A4918609A61DA612F
:105BA8001A629A62DA621A635A639A63DA631A6447
:105BB8005A64186820F4802018601A66D3F8DC202C
:105BC80042F06042C3F8DC20D3F8DC300193019B3B
:105BD80023681940B1F1005F03D20B4B0122C3F8CF
:105BE8000821044B4FF000629A6003B05DF8044B43
:105BF800704700BF00ED00E0004402587FEDF6EA70
:105C08000010005C0000FFFF0080005100F2C4415A
:105C1800D0F8080509F0BEBC01EBC10300EB830313
:105C2800D0F80805D3F8882209F0E4BC01EBC103D9
:105C380000EB8303D0F808059A6C09F015BD00BF86
:105C4800D0F8080509F0BEBD016910B5044619B1C0
:105C5800022900D0FEE70121D4F8080509F092FDD9
:105C6800D4F80805BDE8104009F05EBD10B504463B
:105C7800D0F8080509F08AFD2268D2F8003E43F002
:105C88000103C2F8003E236A23B1034A136943F0B3
:105C98000603136110BD00BF00ED00E0D0F8080551
:105CA80009F084BDD0F8080509F0B2BDD0F80805A0
:105CB80009F098BDD0F8080509F0C0BDD0F808056E
:105CC80009F0BEBD9446D0F8C8021A4608B5634626
:105CD80004F034FA032802D8024B185C08BD0320EC
:105CE80008BD00BF702A0108D0F8C80208B504F042
:105CF800A7FA032802D8024B185C08BD032008BD88
:105D0800702A0108D0F8C80208B504F0DDFA0328A3
:105D180002D8024B185C08BD032008BD702A010890
:105D28000A06D0F8C83206D401EBC10103EB8101A1
:105D380091F87E02704701F07F0101EBC10103EB8E
:105D4800810191F83E007047D0F8C80208B504F008
:105D5800DFF9032802D8024B185C08BD032008BDF0
:105D6800702A0108D0F8C80208B504F047FA0328D9
:105D780002D8024B185C08BD032008BD702A010830
:105D8800D0F8C80208B504F017FA032802D8024B65
:105D9800185C08BD032008BD702A0108D0F800036C
:105DA8000AF062B8D0F800030AF076B8D0F8000319
:105DB8000AF07EB8704700BFD0F800030AF064B854
:105DC800D0F800030AF064B8D0F8D40308B502F09C
:105DD800DDFE032802D8024B185C08BD022008BD6E
:105DE800742A0108064B01EB410103EB8101D1F84C
:105DF80000C04A688B68C0F800C042608360704782
:105E0800782A0108704700BF0F4B1B780BB9012097
:105E1800704710B504464FF47A700C4AB0FBF3F3A0
:105E28001068B0FBF3F000F035FD0F2C00D808B176
:105E3800012010BD002221464FF0FF3000F0CAFCBF
:105E4800034B00201C6010BD5002002448020024AF
:105E58005402002410B50320124C00F0A9FC05F0F0
:105E6800CFFA114B11499A699B69C2F3032203F0D7
:105E78000F038A5CCB5C02F01F020D4903F01F037D
:105E8800D04020FA03F308600E202360FFF7BCFF20
:105E980010B10124204610BD0446FFF7B3FF204689
:105EA80010BD00BF4C02002400440258602A0108BB
:105EB80048020024034A044B11681B780B44136002
:105EC800704700BFFCBE002450020024014B186834
:105ED800704700BFFCBE002438B50446FFF7F6FF44
:105EE8000546631C02D0044B1B781C44FFF7EEFFE9
:105EF800431BA342FAD338BD50020024014B186853
:105F0800000C70470010005CF0B5002283B00192CD
:105F180090F85020012A00F0B880034601201A6842
:105F280083F850009468640708D55A6D42F020023F
:105F38005A65002283F8502003B0F0BD0C68002C8D
:105F4800C0F2A180C4F31305002D00F0978094FAE5
:105F5800A4F515B1B5FA85F5A840A40ED56928436E
:105F6800D0614D681F2002F1300E04F01F04AE0905
:105F780005EA000C06F00C0600FA0CF704FA0CF41B
:105F880056F80E0020EA0700044346F80E409068D1
:105F9800400776D4956815F0080555D10C6802F1CC
:105FA800140607208F684FEAD45CC4F304540CF03D
:105FB800040C00FA04FE07FA04F4B64F5CF8060075
:105FC80020EA0E0020434CF80600386800F07040C4
:105FD800B0F1805F00F0E880D068D668C70600F1AD
:105FE800EB80C6F382064869760000FA06F60F6968
:105FF800042F7BD002F16004086854F827C000F031
:10600800F8400CF0004C40EA0C00304344F82700FC
:10601800487E0E69012854F826000CBF4FF000474F
:10602800002720F00040384344F826000C7E086919
:10603800012C04D100F01F004FF400658540106961
:1060480020F4F040054315619068C40714D4CE6865
:106058000C6806F018079048D2F8C050F840C4F30E
:106068001307204025EA07052843C2F8C0008B48DB
:10607800864257D0002C0BDB00205AE7A40EA04024
:106088006CE79068E0E7A40E6BE7022003B0F0BD70
:1060980083498A4200F0B68001F580718A4200F097
:1060A800B180804D8048A968806801F0E076C043DF
:1060B80000F00100002800F0B4807C48844200F021
:1060C800FD807B48844200F01C817A488442D3D109
:1060D8004902D1D474498A42CED1AA68002022F05C
:1060E800E072324342F48002AA6022E7106E0C6824
:1060F80000F0F840A506B0EB846F79D0506E00F040
:10610800F84085426FD0906E00F0F840854274D018
:10611800D06E00F0F840854296D1D06E20F0004055
:10612800D06691E7002F4ED094FAA4F5002D00F028
:106138008C80B5FA85F0013000F01F06092E40F278
:106148008480B5FA85F580060126013500F0F8400F
:1061580094FAA4F405F01F0506FA05F50543002C8A
:1061680000F0DF80B4FA84F4A0196FF01D0600F087
:106178001F04032010FB0460000540F00070284352
:10618800072402F11405C60DC0F3045006F00406F6
:1061980004FA00F7745924EA07048F6807FA00F034
:1061A800204370510C6865E7D6684869C6F38206D3
:1061B800760000FA06F61AE77608486906F0080637
:1061C80000FA06F613E7A40E013404F01F06092EA0
:1061D8002DD8A506012005F0F845B040054306EB8B
:1061E80046000005CBE7506E20F0004050668AE775
:1061F800106E20F00040106680E7906E20F000409E
:10620800906685E726482C4D00F58070A96850F8FF
:10621800F86C8068304301F0E076C04300F001007C
:1062280048E75A6D012042F020025A6581E606EBE4
:106238004600A50601241E3805F0F84504FA06F6BE
:106248000005354340F0007099E794FAA4F000285F
:106258006ED0B0FA80F00130800600F0F84094FA71
:10626800A4F5002D62D0B5FA85F50126013505F0B3
:106278001F0506FA05F5054394FAA4F4002C52D03C
:10628800B4FA84F4013404F01F0404EB4404200538
:1062980075E700BF0010005CFFFF0F000000FF471C
:1062A800002002400063025800600258000084CBBE
:1062B800000052C70000B8CF0023024008023FF593
:1062C800DBAE1D498A427FF4D7AE1C4A1C481268CF
:1062D800A968920921F0E071A0FB020231439209FA
:1062E80041F400010132A96052000192019A002A8A
:1062F8003FF4C2AE019A013A0192019A002AF9D1FB
:10630800BAE611F080707FF4B7AE0B498A427FF489
:10631800B3AEAA6822F0E072324342F08072AA60FB
:1063280007E608482BE74FF4401028E70225A2E7C4
:106338004FF0806093E700BF0060025848020024D5
:10634800632D3E05000050FE38B5574A04460368E1
:10635800934226D002F58072934222D0534B9B6819
:1063680013F4403F22D005F013FA63680546B3F5ED
:10637800003F00F08880B3F5403F6CD0B3F5803F14
:1063880000F08180FFF7BAFD41F2030398424BD831
:10639800474B9D422AD92268936843F480739360DF
:1063A80038BD444B9B6813F4403FDCD14FF40020C8
:1063B800002106F001FC63680546B3F5101F6CD098
:1063C80008D8B3F5E01F50D016D9B3F5001FD9D1BE
:1063D8004509D7E7B3F5201F45D0B3F5301FD1D114
:1063E800FFF78CFD41F20303984240D82268936876
:1063F80023F48073936038BDB3F5801F06D00AD9A3
:10640800B3F5A01F02D0B3F5C01FBBD19B0C5B0036
:10641800B5FBF3F5B6E7B3F5002FF7D023F4002268
:10642800B2F5802FF2D0ADE7234B9D4205D8226804
:10643800936823F44073936038BD204B9D421AD96A
:106448001F4B22689D42936829D823F4407343F474
:106458000073936038BD8508FFF750FD41F20303D0
:106468009842E1D894E7C5098CE705098AE7124BF9
:10647800B3EB152FDBD22268936823F4407343F4FF
:106488008073936038BD1B0CB5FBF3F5FFF736FD41
:1064980041F203039842C7D87AE7850972E743F4C3
:1064A8004073936038BD00BF00200240006302586B
:1064B800002D31010023024021BCBE0041787D013E
:1064C80081F0FA0270B5002382B00193002800F031
:1064D800D180456D0446002D00F0BB80226893688A
:1064E8009D0003D59168724B0B4093609368D80068
:1064F80016D4704B70491B6890689B09A1FB031365
:106508006E499B090140013341F08051916001932C
:10651800019B2BB1019B013B0193019B002BF9D1FE
:106528009368D90024D4636D012543F01003636593
:10653800A36D2B43A365936813F0040F636D1DD1FE
:10654800DB061BD4636D23F4817343F00203636598
:106558009368DE0728D45A4B9A4217D003F5807304
:106568009A4213D0574B9B68D9071DD4564A15E059
:106578009368002513F0040F636DE1D0636D012566
:1065880043F010032846636502B070BD4C4A4F4B78
:1065980092689B681343D80706D44D4A936861688C
:1065A80023F47C130B439360FFF7A8FC41F2030329
:1065B800A1689842237F52D894F815C01A04206B1A
:1065C80042EA4C3202430A43012B03D1236A013BBE
:1065D80042EA4342636A23B103F47873A16A0B4326
:1065E8001A4323683B49D86801400A43DA609A682D
:1065F80012F0040F9A681CD112071AD4D868364AC8
:10660800217D024042EA8132E16A0A43DA6094F865
:106618003820012A3AD01A6922F001021A611A694F
:106628002046616B22F070420A431A61FFF78CFE24
:106638002368E268012A21D01A6B22F00F021A633C
:10664800636D284623F0030343F00103636502B03A
:1066580070BDFCF707F8A56584F850503EE710298F
:10666800AAD1617D1A0442EA4132216B0A4342F001
:106678001C02A9E70125284602B070BD196BA26962
:1066880021F00F01013A0A431A63D9E7D4E90F123E
:10669800666C01391869324342EA0142A16C0A4327
:1066A8000E4901400A4342F001021A61B7E700BFF0
:1066B800C0FFFF5F48020024632D3E05C0FFFF6F47
:1066C8000020024000600258006302580021024086
:1066D8000023024003C0F0FFFCBFFFFF1EF800FCD0
:1066E800F0B490F850209AB00E68012A4DD00346B5
:1066F8002B4C002201201D681692A54283F85000F9
:10670800179208D0596D83F8502041F0200159653F
:106718001AB0F0BC7047234CA26852070BD5AA6880
:106728005A6D012042F020025A65002283F8502059
:106738001AB0F0BC7047A86810F00400F0D1C6B1D8
:10674800DFF868C04F68DCF8082022F440423A437A
:10675800CCF80820AD68A2682A43D40713D48A6805
:10676800DCF808101643104A0A401643CCF80860B3
:10677800DBE70E498A6822F440428A60A868A2686A
:106788000243D00705D50020CFE702201AB0F0BC9D
:1067980070478C683046044A22408A60C5E700BFCB
:1067A8000020024000210240E0F0FFFF00230240E9
:1067B80006494FF6FF0C0002054BCA6800F4E0607A
:1067C80002EA0C0210430343CB60704700ED00E07F
:1067D8000000FA051B4BDB68C3F3022300B5C3F1C5
:1067E800070E03F1040CBEF1040F28BF4FF0040E8E
:1067F800BCF1060F1AD9033B4FF0FF3C0CFA03FC1F
:1068080022EA0C024FF0FF3C00280CFA0EFC21EAA9
:106818000C0101FA03F141EA02010ADB09010A4B02
:10682800C9B2034483F800135DF804FB0022134641
:10683800E8E700F00F000901044BC9B203441976D8
:106848005DF804FB00ED00E000E100E0FCEC00E096
:10685800002807DB012300F01F01034A40098B4091
:1068680042F82030704700BF00E100E000280DDB4F
:106878004309012200F01F000549203302FA00F005
:1068880041F82300BFF34F8FBFF36F8F704700BFEE
:1068980000E100E0431EB3F1807F0CD24FF0E0220C
:1068A800002006494FF0F00C5361072381F823C0FC
:1068B8009061136170470120704700BF00ED00E050
:1068C800BFF35F8F044B00215A6A22F480325A6268
:1068D800C3F89410704700BF00ED00E0064B40F08D
:1068E8000100C3F894005A6A42F480325A62BFF336
:1068F8004F8FBFF36F8F704700ED00E0174A437862
:10690800C2F89830017821B3436800B5C2F89C30CA
:10691800C37A90F80CC01B0690F80FE043EA0C739A
:1069280090F80AC00B43817B43EACC4390F80DC032
:1069380043EA8C4390F809C043EA4143017A43EAA9
:106948000E4343EA0C2343EA4103C2F8A0305DF842
:1069580004FBC2F89C10C2F8A010704700ED00E0DC
:10696800704700BF08B5FFF7FBFF08BD0268344B4E
:10697800344930B4344D354CAA4218BF9A420CBF42
:10698800012300238A4208BF43F001033031A242A9
:1069980008BF43F0010330348A4208BF43F00103C3
:1069A8003031A24208BF43F0010330348A4208BFA5
:1069B80043F0010301F55C71A24208BF43F00103F3
:1069C80004F55C748A4208BF43F001033031A242E7
:1069D80008BF43F0010330348A4208BF43F0010383
:1069E8003031A24208BF43F0010330348A4208BF65
:1069F80043F001033031A24208BF43F001038A4249
:106A080008BF43F0010313B9114B9A4213D1D3B213
:106A18001049114C103BA1FB03515F2B0F4BC1F3E5
:106A2800021103EA0203615C88BF0433C165836510
:106A3800184630BC704722F0FF038365F8E700BFB3
:106A48001000024040000240280002405800024066
:106A5800B8040240ABAAAAAAD82A010800FCFFFF82
:106A68000368294A294930B4294D2A4CAB4218BF3A
:106A780093420CBF012200228B4208BF42F0010260
:106A88002831A34208BF42F0010228348B4208BFD4
:106A980042F001022831A34208BF42F001028B42B2
:106AA80008BF42F0010212B91B4A934213D1DBB26C
:106AB8001A4C1B4A0121083B1A4DA4FB03434566A7
:106AC80002EB1312C3F30413920001FA03F30266F4
:106AD800836630BC7047DAB21349144C1944103A33
:106AE800A829A4FB02234FEA131300D80833104A3D
:106AF80003F01F0501210F4C1A44A9404466920077
:106B080081660266E5E700BF08540258305402580F
:106B18001C5402584454025894540258CDCCCCCC3E
:106B28000096001680580258F0FBFDBFABAAAAAA2F
:106B38000082001080080240F8B50446FFF7C6F945
:106B4800002C00F0778123680546924A934248D08A
:106B58001832934245D030328F498B4218BF934246
:106B680001F130010CBF012200228B4208BF42F024
:106B7800010218318B4208BF42F0010218318B42E2
:106B880008BF42F0010218318B4208BF42F00102EF
:106B980001F556718B4208BF42F0010218318B4251
:106BA80008BF42F0010218318B4208BF42F00102CF
:106BB80018318B4208BF42F0010218318B4208BFDE
:106BC80042F0010218318B4208BF42F0010218312D
:106BD8008B4208BF42F001021AB9704A934240F052
:106BE80098810022022184F8342084F835101A682C
:106BF80022F001021A6006E0FFF768F9431B052B33
:106C080000F2FF8023681A68D607F5D4D4E9022574
:106C180020692A43A1691D68024360690243E0694B
:106C28000A4302435E482840256A2A435D4D0243D1
:106C3800606A042800F000812E685B4D3540B5F18C
:106C4800005F80F0BB801A605A6922F00702024395
:106C58005A612046FFF78AFEE26D3F2302F01F02C9
:106C68009340836022684B4B50484B49824218BF7F
:106C78009A4200F130000CBF012300238A4208BF6A
:106C880043F001033031824208BF43F00103303042
:106C98008A4208BF43F001033031824208BF43F003
:106CA800010330308A4208BF43F0010301F55C71EB
:106CB800824208BF43F0010300F55C708A4208BFB6
:106CC80043F001033031824208BF43F00103303002
:106CD8008A4208BF43F001033031824208BF43F0C3
:106CE800010330308A4208BF43F001033031824249
:106CF80008BF43F0010330308A4208BF43F0010364
:106D08002B49824208BF43F001032A488A4208BF40
:106D180043F001032831824208BF43F001032830C1
:106D28008A4208BF43F001032831824208BF43F07A
:106D3800010328308A4208BF43F001032831824208
:106D480008BF43F001038A4208BF43F0010313B9A7
:106D5800194B9A4218D12046FFF782FEA368802B70
:106D68005CD06368A06EDAB2013BD4E91851072BF6
:106D78002A60486059D8501E07286ED9626FD4E936
:106D88001B31002018604A6000200123606584F8E8
:106D98003530F8BD1000024040000240B8040240FF
:106DA8003F8010FE0010005C0000FFFF280002403A
:106DB800085402581C540258945402586568A5F1A6
:106DC80029061F2E24D94F3D032D01D842F48012E5
:106DD8001A6004285A6922F0070242EA00027FF486
:106DE80037AFE56AA06A0243002D3FF431AF0029AE
:106DF80069D1012800F0888030F002017FF428AFC3
:106E080069E0202203230120626584F83530F8BD4B
:106E1800734D25FA06F6F507DAD5D7E70023A16EF4
:106E2800D4E918026360036051600023C4E91B338E
:106E38006367A9E70120F8BD2F68D4E90B562E43F4
:106E48003243684E3E40B6F1005FB7D21A605A69C5
:106E580022F0070242F00402C4E72168624B634D46
:106E6800A94218BF994205F114050CBF012300235C
:106E7800A94208BF43F001031435A94208BF43F0F3
:106E880001031435A94208BF43F001031435A94290
:106E980008BF43F001031435A94208BF43F00103BA
:106EA8003BB9534B994204D0524B534913449B006E
:106EB80003E0524B524913449B0001228240C4E92B
:106EC8001B3162675DE7B1F5005F0ED0022805D976
:106ED80003287FF4BDAEE9017FF5BAAE0123402255
:106EE8001846626584F83530F8BD03283FF6B0AE21
:106EF80001A151F820F000BFE56E0008DF6E000820
:106F0800E56E0008116F0008B5F1C07F7FF4A0AEF0
:106F1800E4E7354A35483B49834218BF934200F1BC
:106F280028000CBF012200228B4208BF42F0010258
:106F38002831834208BF42F0010228308B4208BF43
:106F480042F001022831834208BF42F001028B421D
:106F580008BF42F0010212B9254A934238D10022F3
:106F68000221294D84F8351084F834201A68154018
:106F7800A268402A2AD0802A0CBF4FF48040002003
:106F8800266AD4E90312D20842EAD102616942EAC8
:106F9800D102A16942EAD102E16942EAD1021B4960
:106FA80042EA161219442A4302431948A0FB010178
:106FB80020461A600B099B00E365FFF7D7FCE26DDA
:106FC800012302F01F02934043604BE61020D7E7ED
:106FD800402203230120626584F83530F8BD00BFE4
:106FE8003F00C0C30000FFFF085402581C54025859
:106FF800945402583F820010400902403F96001600
:1070080040590258305402580F00FEFFF8ABFDA754
:10701800CDCCCCCC002800F08281844690F8340096
:10702800012800F07E8101202DE9F0439CF83540CD
:107038008CF83400844208D04FF400620023CCF866
:1070480054208CF83430BDE8F0830220DCF800408E
:10705800554D8CF835000020544ECCF85400544857
:10706800AC4218BF844205F118050CBF012000206E
:10707800AC4208BF40F001001835AC4208BF40F0F0
:1070880001001835AC4208BF40F001001835AC4289
:1070980008BF40F0010005F55675AC4208BF40F046
:1070A80001001835AC4208BF40F001001835AC4269
:1070B80008BF40F001001835AC4208BF40F001009D
:1070C8001835AC4208BF40F001001835AC4208BF83
:1070D80040F001001835AC4208BF40F001001835F7
:1070E800AC4208BF40F00100A5F59265AC4218BF5C
:1070F800B4420CBF0125002501D000285AD02668CB
:10710800DCF8589026F001062660002D7ED0DCF8C9
:1071180064603746DCF868607E60DCF86C7037B114
:10712800DCF87060B646DCF87460CEF80460DCF811
:107138005C604FF03F0E06F01F080EFA08FEC9F813
:1071480008E0266826F4802626606360DCF80830AC
:10715800402B00F0E880A160E26015B9002800F03B
:10716800E880236823F01E0343F016032360DCF84D
:1071780040301BB1236843F008032360DCF860301B
:107188001A68D20303D51A6842F480721A601FB1D4
:107198003B6843F480733B602368002043F001039D
:1071A8002360BDE8F08300BF580002401000024091
:1071B80040000240644F654EDCF85890B44218BF56
:1071C800BC4206F128060CBF01270027B44208BFBD
:1071D80047F001071436B44208BF47F001071436D8
:1071E800B44208BF47F001071436B44208BF47F05D
:1071F8000107266826F001062660554EB44208BFEE
:1072080047F0010717B9534FBC4212D1DCF864604C
:107218003746DCF868607E60DCF86C7037B1DCF803
:107228007060B646DCF87460CEF8046000287FF41D
:107238007EAF464FDFF810E1744518BFBC420EF12F
:10724800140E0CBF01270027744508BF47F001073B
:107258000EF1140E744508BF47F001070EF1140E25
:10726800744508BF47F001070EF1140E744508BFB6
:1072780047F001070EF1140E744508BF47F00107E7
:1072880017B9344FBC4254D1DCF85C60012706F0D2
:107298001F0E07FA0EF7C9F804706360DCF80830AF
:1072A800402B43D0A160E260236823F00E0343F033
:1072B8000A032360DCF84030002B2DD0236843F00C
:1072C80004032360204B214A944218BF9C4202F1D8
:1072D80028020CBF01230023944208BF43F0010396
:1072E8001432944208BF43F001031432944208BF99
:1072F80043F001031432944208BF43F001031432EF
:10730800944208BF43F001031432944208BF43F08B
:107318000103002B3FF440AFDCF86C702EE701202E
:10732800704702207047A260E16016E7A260E16042
:10733800BAE7236823F00E0343F00A032360DCF85E
:107348004030002BBAD1BDE71C54025808540258EB
:10735800805402589454025870B50546FEF7B6FD9D
:10736800002D00F0248195F83530022B40F0DD80A7
:107378002C6806468F4B9048904A844218BF9C421E
:1073880000F130008E490CBF01230023844208BF5E
:1073980043F001031830844208BF43F0010318305A
:1073A800844208BF43F001031830844208BF43F009
:1073B800010300F55670844208BF43F001031830FA
:1073C800844208BF43F001031830844208BF43F0E9
:1073D80001031830844208BF43F001031830844287
:1073E80008BF43F001031830844208BF43F001038B
:1073F8001830844208BF43F001031830844208BFA4
:1074080043F001038C4218BF94420CBF01220022B2
:1074180002D0002B00F09080216821F01E0121602D
:10742800616921F080016161002A00F0B0802A6E54
:10743800136823F480731360236823F00103236027
:1074480005E0FEF743FD831B052B00F2A6802368A9
:10745800DB07F6D42A68574B57485A49824218BF67
:107468009A4200F148000CBF012300238A4208BF5A
:1074780043F001033031824208BF43F0010330304A
:107488008A4208BF43F0010301F55C71824208BFDC
:1074980043F0010300F55C708A4208BF43F0010322
:1074A8003031824208BF43F0010330308A4208BFBE
:1074B80043F001033031824208BF43F0010330300A
:1074C8008A4208BF43F001033031824208BF43F0CB
:1074D80001038A4208BF43F0010318318A4208BFFA
:1074E80043F0010333B9A1F59561354B9A4218BFB2
:1074F8008A426FD1EA6D3F23A96D02F01F029340C3
:107508008B60EB6ED5E91921516033B11A68D5E962
:107518001C1022F480721A60486000230122184669
:1075280085F8352085F8343070BD8022002301208D
:107538006A6585F8343070BD2268234922F00E024E
:107548002260224A8C4218BF944201F128010CBFE4
:10755800012200228C4208BF42F0010214318C4201
:1075680008BF42F0010214318C4208BF42F0010208
:1075780014318C4208BF42F0010214318C4208BF1A
:1075880042F001021AB9124A94427FF455AF296EAB
:107598000A6822F480720A604EE720210322002341
:1075A8000120696585F8343085F8352070BD0120E3
:1075B80070BD00BF58000240400002401000024069
:1075C8002800024070000240085402581C54025817
:1075D80094540258E86D0121164B00F01F00164C18
:1075E8008140A24218BF9A42A86D0CBF0123002314
:1075F800416012481249824208BF43F00103283013
:107608008A4208BF43F001032831824208BF43F091
:1076180001038A4208BF43F0010314318A4208BFBC
:1076280043F00103002B7FF46CAF064B9A423FF402
:1076380068AF72E71C540258085402583054025874
:10764800445402589454025800285FD038B590F832
:1076580035200346022A55D10168574A914248D03D
:107668001832914245D03032544C5548A14218BF87
:10767800914204F148040CBF01220022814208BF54
:1076880042F001023030A14208BF42F0010230341A
:10769800814208BF42F0010200F55C70A14208BFB8
:1076A80042F0010204F55C74814208BF42F0010215
:1076B8003030A14208BF42F001023034814208BF95
:1076C80042F001023030A14208BF42F001023034DA
:1076D800814208BF42F001023030A14208BF42F0A7
:1076E8000102814208BF42F0010212B9354A9142B3
:1076F8000ED10422002083F835200B6823F0010303
:107708000B6038BD802201205A6538BD01207047C2
:107718002D4A2E4D0868A94218BF91422C4C20F0E2
:107728000E0005F13C050CBF012200220860A142B1
:1077380008BF42F0010208682834A94208BF42F095
:10774800010220F00100A14208BF42F001021434F6
:107758000860A14208BF42F001021E48814208BFEA
:1077680042F0010212B91C4A914217D101229D6DC3
:10777800D3E91704216800F01F0021F480718240CA
:1077880021606A60DA6ED3E91910486032B1116875
:10779800D3E91C0421F480711160446001210024A4
:1077A8001A6D83F8351083F834401AB1184690479B
:1077B800204638BD104638BD100002404000024047
:1077C80070000240B80402401C5402580854025881
:1077D8003054025880540258945402582DE9F0430A
:1077E80000229C4B83B09C4E1D6881460192036821
:1077F8009A4A846D934218BFB342276808BF01268E
:10780800216818BF002645D018329548834218BF12
:10781800934200F118000CBF01220022834208BFE6
:1078280042F001021830834208BF42F001021830CA
:10783800834208BF42F001021830834208BF42F079
:10784800010200F55670834208BF42F00102183069
:10785800834208BF42F001021830834208BF42F059
:1078680001021830834208BF42F0010218308342F7
:1078780008BF42F001021830834208BF42F00102FB
:107888001830834208BF42F001021AB9754A934280
:1078980040F05082D9F85C10082201F01F0C02FA5F
:1078A8000CF2174240F0888127FA0CF2D2070CD567
:1078B8005A69100609D5012202FA0CF2A260D9F819
:1078C800542042F00202C9F854204FF0040E0EFA78
:1078D8000CF038425BD0002E4FD1614ADFF8888126
:1078E800434518BF934208F130080CBF012200221B
:1078F800434508BF42F0010208F11808434508BF94
:1079080042F0010208F11808434508BF42F001029D
:1079180008F11808434508BF42F0010208F55678F7
:10792800434508BF42F0010208F11808434508BF63
:1079380042F0010208F11808434508BF42F001026D
:1079480008F11808434508BF42F0010208F1180879
:10795800434508BF42F0010208F11808434508BF33
:1079680042F0010208F11808434508BF42F001023D
:107978001AB93C4A934240F019821A68920706D510
:10798800A060D9F8542042F00402C9F8542010220B
:1079980002FA0CFC1CEA070F6CD0002E45D1304AC5
:1079A800314EB34218BF934206F130060CBF012294
:1079B8000022B34208BF42F001021836B34208BFA2
:1079C80042F001021836B34208BF42F001021836ED
:1079D800B34208BF42F0010206F55676B34208BF2B
:1079E80042F001021836B34208BF42F001021836CD
:1079F800B34208BF42F001021836B34208BF42F052
:107A080001021836B34208BF42F001021836B342E9
:107A180008BF42F001021836B34208BF42F0010223
:107A28001AB9104A934240F0C9811A68100721D543
:107A3800C4F808C01A68560300F14C811A68D205C8
:107A480003D41A6822F008021A60D9F840308BB1C2
:107A58000CE000BF48020024100002402800024049
:107A680058000240B8040240400002404846984787
:107A7800D9F85C1001F01F0120268E403E4268D0E4
:107A8800D9F80020A54BA64FBA4218BF9A4207F171
:107A980018070CBF01230023BA4208BF43F00103B3
:107AA8001837BA4208BF43F001031837BA4208BF73
:107AB80043F001031837BA4208BF43F001031837EF
:107AC800BA4208BF43F001031837BA4208BF43F06F
:107AD800010307F55677BA4208BF43F00103183788
:107AE800BA4208BF43F001031837BA4208BF43F04F
:107AF80001031837BA4208BF43F001031837BA42E6
:107B080008BF43F001031837BA4208BF43F0010326
:107B18001837BA4208BF43F001031BB9814B9A4298
:107B280040F062811368DB0613D5A66099F83530FA
:107B3800042B136800F0AE8013F4802F136800F054
:107B4800D3801C0340F1DE80D9F83C300BB14846A5
:107B58009847D9F85430002B00F0B980D9F8543040
:107B6800D8071FD5D9F80020042189F835101368E3
:107B780023F0010313606C4BA3FB0535AD0A02E04B
:107B88001368D90704D5019B0133AB420193F7D998
:107B98001368DB074CBF0323012389F83530002322
:107BA80089F83430D9F84C30002B00F090804846E2
:107BB80003B0BDE8F0431847186840070AD51868AD
:107BC80020F004001860A260D9F8542042F00102A5
:107BD800C9F8542027FA0CF2D2077FF576AE534A3B
:107BE8005348834218BF934200F130000CBF012272
:107BF8000022834208BF42F001021830834208BFC6
:107C080042F001021830834208BF42F001021830E6
:107C1800834208BF42F0010200F55670834208BF54
:107C280042F001021830834208BF42F001021830C6
:107C3800834208BF42F001021830834208BF42F075
:107C480001021830834208BF42F001021830834213
:107C580008BF42F001021830834208BF42F0010217
:107C68001830834208BF42F00102002A7FF420AE98
:107C7800002E7FF41DAE1A68042202FA0CF23A4272
:107C880040F09480102202FA0CFC17EA0C0F3FF423
:107C9800F1AE84E623F016031360536923F08003E2
:107CA8005361D9F840309BB3136823F0080313607D
:107CB8003F230125002203FA01F1D9F85030A160D1
:107CC80089F8355089F83420002B7FF470AF03B061
:107CD800BDE8F0831B6818037FF5B7AED9F84830C4
:107CE800002B7FF4C3AEC5E613F480737FF42CAF8A
:107CF800116821F010011160012289F8343089F8E7
:107D0800352021E7D9F84430002B7FF420AF20E755
:107D1800D9F84830002BC7D1CAE700BF100002408D
:107D280028000240B8040240B5814E1B58000240AA
:107D3800400002404E4A4F4DAB4218BF934205F1F6
:107D480014050CBF01220022AB4208BF42F0010219
:107D58001435AB4208BF42F001021435AB4208BFEC
:107D680042F001021435AB4208BF42F0010214355B
:107D7800AB4208BF42F0010212B93F4A9342A6D172
:107D8800D9F85C5004261A6805F01F05AE400E426B
:107D980019D0570717D5100466604BD5D1034FD4B7
:107DA800D9F84830002B7FF402AF90E71A68102208
:107DB80002FA0CFC17EA0C0F3FF45CAE1A68520783
:107DC8007FF558AE34E60226AE400E4211D0970732
:107DD8000FD56660140439D5D00343D4D9F844309C
:107DE800002B7FF4E4AE72E713689F077FF5B1AE0E
:107DF8009BE60826AE400E423FF469AF11077FF5B7
:107E080066AF1A68002122F00E021A600123D9F821
:107E18004C2003FA05F56560C9F8543089F8341028
:107E280089F83530002A3FF452AF484603B0BDE820
:107E3800F0431047920603D41A6822F004021A602D
:107E4800D9F84030002B7FF4B2AE40E712F02002A0
:107E580008D11968012421F00A01196089F8354010
:107E680089F83420D9F83C30002B7FF4A0AE2EE7F7
:107E7800085402581C54025894540258406D7047D4
:107E88002DE9F04F0C6883B0002C00F0A6804FF06D
:107E9800000C8E4F634601229A4012EA040E00F04D
:107EA80095804D6805F0030909F1FF36012E40F26F
:107EB8009780B9F1030F40F0D18009FA0CF26FEA0C
:107EC8000208066815F4403F06EA080842EA080274
:107ED80002607BD0D7F8F42023F0030803F00309ED
:107EE80042F0020208F1B0484FEA8909C7F8F420C5
:107EF80008F58068D7F8F42002F002020192019A8E
:107F08000F22D8F8086002FA09F226EA0202704E37
:107F1800B04229D006F58066B04200F0AC806D4EC4
:107F2800B04200F0AE806C4EB04200F09E806B4EC6
:107F3800B04200F0B2806A4EB04200F0B480694EA0
:107F4800B04200F0A480684EB04200F0B280674EA4
:107F5800B04200F0B480664EB0420CBF09260A2633
:107F680006FA09F942EA0902C8F808204FF0B042B7
:107F7800EE026FEA0E0812684FF0B04654BF08EAE6
:107F880002024EEA02023260AA0276684FF0B0425C
:107F980054BF08EA06064EEA06065660D2F8846020
:107FA800AA034FF0B04254BF08EA06064EEA060696
:107FB800ED034FF0B045C2F88460D2F8802054BF7A
:107FC80008EA02024EEA0202C5F8802001330CF1E9
:107FD800020C34FA03F27FF45EAF03B0BDE8F08F11
:107FE8004FF00308866808FA0CF826EA080ACE68F3
:107FF8006FEA080806FA0CF646EA0A068660C5F330
:108008000016D0F804A09E402AEA020232434260D9
:10801800C268B9F1020F8E6802EA080206FA0CF685
:1080280046EA020609FA0CF2C6607FF44AAF03F08A
:1080380007064FEAD3094FEA860B0F2600EB89099A
:1080480006FA0BF6D9F820A02AEA060A0E6906FAFB
:108058000BF646EA0A06C9F8206032E74FF0030833
:1080680008FA0CF86FEA0808D2E7032606FA09F9B5
:1080780042EA090278E7012606FA09F942EA090202
:1080880072E7022606FA09F942EA09026CE70626AF
:1080980006FA09F942EA090266E7042606FA09F926
:1080A80042EA090260E7052606FA09F942EA0902E6
:1080B8005AE7072606FA09F942EA090254E70826A8
:1080C80006FA09F942EA09024EE700BF00440258DD
:1080D8000000025800080258000C0258001002580C
:1080E8000014025800180258001C025800200258B8
:1080F80000240258002900F0A88000232DE9F04F41
:10810800DFF8689183B0DFF86881DFF868A1DFF8ED
:1081180068B14FF0010E0EFA03F212EA010C6FD0AB
:1081280023F0030503F003040F2640454D444FEAAE
:108138008404AF6806FA04F607EA0607019721D017
:10814800504566D0584567D0434FB8426ED0434F2C
:10815800B84270D0424FB84263D0424FB84256D06E
:10816800414FB84272D0DFF814E1704568D0DFF8AB
:1081780010E1704514BF4FF00A0E4FF0090E0EFAC9
:1081880004F400E00024019FA74219D14FF0B04445
:10819800D4F8807027EA0C07C4F88070D4F884708B
:1081A80027EA0C07C4F88470676827EA0C07676039
:1081B800276827EA0C072760AC6824EA0606AE6041
:1081C80003255C0003F007070F2605FA04F4056889
:1081D800BF00254306FA07F70560DD0800EB8505B3
:1081E8002E6A26EA07062E62C56825EA0405C560D8
:1081F800456825EA02024260826822EA0404846033
:10820800013331FA03F284D103B0BDE8F08F4FF0A7
:10821800060E0EFA04F4B6E74FF0020E0EFA04F456
:10822800B1E74FF0050E0EFA04F4ACE74FF0030E79
:108238000EFA04F4A7E74FF0040E0EFA04F4A2E7CE
:108248004FF0080E0EFA04F49DE770474FF0070E42
:108258000EFA04F497E700BF000C02580010025809
:108268000014025800180258001C02580004005854
:108278000000025800040258000802580020025862
:10828800002402580369194214BF012000207047D6
:1082980002B90904816170472DE9F04F056885B07E
:1082A8000446284606F094FF012802D005B0BDE830
:1082B800F08F206806F056FF0028F7D0206806F0F7
:1082C80051FF10F4001F206802D04FF400134361DF
:1082D80006F048FF10F4801F206802D04FF4801386
:1082E800436106F03FFF10F0806F206802D04FF026
:1082F8008063436106F036FF10F0020F206801D05A
:108308000223436106F02EFF10F0005F206875D14C
:1083180006F028FFC20100F11081206806F022FF54
:10832800030700F10381206806F01CFFC7062668D2
:1083380000F1E980304606F015FF8001B6D52068C7
:1083480006F0AEFFA2688146002A00F0D78000261A
:1083580005F5A0654FF02C0A2BE006F007FF410752
:1083680063D508F5A063042203EB47139A6007223C
:108378000AFB0743394683F86120206806F094FF1A
:108388003946206806F0F2FE10F4007F394620686E
:108398007BD008F5A06806F087FF4FF4007308EB60
:1083A8004718C8F80830A26801362035964280F090
:1083B800A58006F00F0329FA03F3D907F4D52B6833
:1083C800F7B2D4F800801B0439464046C5D406F0FD
:1083D800CDFE10F0040B40D008F5A0680423072256
:1083E800394608EB4718C8F808300AFB074383F8F2
:1083F8006120206806F058FFA268D5E74FF00053C7
:108408004361D5F84034D90782D41021284606F0B4
:10841800CDFB284606F0F4FBA369022B00F0E081AF
:108428002046FDF7C3FC206872E73946206806F04D
:108438009DFEC20540F1BB8008F5A0634FF4807231
:10844800394603EB47139A6008220AFB074383F86F
:108458006120206806F028FF92E73946206806F078
:1084680085FE810640F1B98008F5A06820220AFB44
:1084780007F308EB4718C8F80820E21892F83D10EF
:10848800012900F05181A2688EE706F06FFEC2074D
:1084980040F1B78008F5A0682023E168780108EB6F
:1084A800471BCBF8083051B1DBF810200AFB074C0A
:1084B800C2F31202DCF848309B1ACCF850300AFBA1
:1084C80007430022DA65012283F86120CBF80820EF
:1084D80093F83F2012F0FD0200F0C680012A00F058
:1084E800158101290AFB074700F0B38097F854303B
:1084F80083F0010387F85430A26855E723684FF0EA
:1085080000725A61D2E6B36923F01003B361376A87
:10851800C7F34341C7F30A12022902D1002A40F0E7
:10852800AC80B36943F01003B36103E72046FDF75D
:1085380035FC206808234361F6E62668D6F84034FF
:108548000293D6F840340393039B23F02E0303933E
:10855800029B9B0707D5029BDF0700F1A580039BC1
:1085680043F002030393029B180715D5039B43F0BE
:1085780008030393029B590740F19A80A1690229D5
:1085880000F0EB802369012B03D14EF66022C6F878
:1085980004242046FDF710FC029B9A0603D5039B92
:1085A80043F020030393039BC6F84034B5E63946ED
:1085B800206806F0DBFD030733D508F5A063082221
:1085C800394603EB47139A6006220AFB074383F8F0
:1085D8006120206806F068FED2E63946206806F079
:1085E800C5FD10F4007B67D008F5A0634FF4007256
:1085F8003946206803EB47139A6006F055FEA268D7
:10860800D2E63946206806F0B1FD800640F1B08018
:1086180008F5A068202308EB4718C8F80830A268B6
:10862800C2E63946206806F0A1FD400540F1888081
:1086380008F5A0634FF48062394603EB47139A604C
:1086480009220AFB074383F86120206806F02CFE04
:1086580096E63B6DB7F84020013B1344B3FBF2F3B9
:10866800DB073FF543AF0EE73946206806F01CFEEE
:108678001023E168CBF8083033E707F00F074FF015
:108688002C0808FB0748D8F8441000293FF449AFE4
:10869800D8F85030D8F84C001344834240F2DB80BD
:1086A800042388F860303CE72046FDF77BFB56E75B
:1086B8002046FDF785FB6FE73946206806F056FD32
:1086C80010F0010300F091800AFB07423946206848
:1086D800C2F85CB0019206F049FD08F5A06310F0FD
:1086E800400F019A03EB471304D0012182F83D1093
:1086F80040229A60012239469A600AFB074383F8B0
:108708006120206806F0D0FDA2684DE658F80010F8
:1087180041F0005148F800103946204683F860209F
:10872800FDF748FBE168DCE682F83DB0603340F2D3
:1087380002323946E252206806F0B6FDA26833E6F6
:108748003946206806F012FD01067FF519AE08F5D6
:10875800A063802203EB471308E6029B206803F41A
:10876800C023B3F5802F18BF012106F077FD10E76D
:108778003946206806F0FAFC10F0020B00F08A80F7
:1087880008F5A06802200AFB07F2790108EB4713F5
:108798009860A01890F86130012B00F09580062BA6
:1087A80000F0E980072B00F0D580092B00F0D2807B
:1087B800052B00F01C81032B00F01E81042B00F018
:1087C8002D81082B00F01F81022B3FF45CAE0AFBC1
:1087D80007433946204693F86020FDF7EBFA52E646
:1087E8000121206806F03AFD1AE63946206801930F
:1087F80006F0BCFC420616D50AFB0742019B08F5A9
:10880800A0683946D365052308EB471882F861301C
:10881800012382F83D30206806F046FD4023C8F861
:108828000830A268C0E53946206806F09FFC10F0C1
:10883800080B4ED008F5A0630822394603EB47130E
:108848009A6006220AFB074383F86120206806F035
:108858002BFDA268A8E5304606F5A066019206F051
:10886800E9FB06EB4711D8F84430019A0969D8F8B2
:1088780050001344C1F3C9411044C8F844307B0187
:10888800C8F8500021B1B8F84010914200F0A28019
:10889800266846E63946206806F068FC10F0400273
:1088A8003CD008F5A06340200AFB0742394603EB99
:1088B800471398600523C2F85CB082F861302068DD
:1088C80006F0F2FCA2686FE5603240F20123A35281
:1088D8007DE73946206806F049FCC3065DD50AFBEA
:1088E80007430422C3F85CB083F8612093F83D3055
:1088F8003BB90AFB074393F83C2012B9012283F8DD
:108908003D203946206806F0CFFC08F5A068102302
:1089180008EB4718C8F80830A26845E539462068CA
:10892800019206F023FC10F0100F019A3FF4ABAD52
:108938000AFB074393F83F10032900F0868011F0E3
:10894800FD01E2D1E268D965002ADED1042283F86C
:108958006120D6E70AFB07424FF0020382F8613034
:10896800D36D0133022BD3650AD90023D3650423C1
:1089780082F860302BE7603240F20523A35226E7E5
:108988004FF0020382F8603058F8013023F080433A
:1089980043F0004348F8013019E73946206806F0EB
:1089A800E5FB000653D5E368002B73D00AFB0743A9
:1089B800DA6D0132022ADA6562D84FF0020283F8D2
:1089C800602008F5A068802308EB4718C8F808302D
:1089D800A268E9E49A5922F0804242F000429A5192
:1089E80098F8543083F0010388F8543050E74FF07A
:1089F800020380F86130EAE60AFB07434FF00202FF
:108A080083F86120E3E60AFB07F34FF40170E118ED
:108A18006033CA6D0132CA65E052D8E60AFB07F333
:108A280040F2022003F160022344A05293F83F3041
:108A380013F0FD0F7FF4CBAE58F8013023F08043DC
:108A480043F0004348F80130C1E6DA657EE739466D
:108A5800206806F08BFB410526D50AFB074309224F
:108A680008F5A068394683F86120206808EB4718A4
:108A780006F01AFC4FF48063C8F80830A26893E443
:108A8800002239462046DA65042283F86020FDF783
:108A980091F996E70AFB07430722394683F86120D4
:108AA800206806F001FC8CE73946206806F05EFB7A
:108AB80082077FF5E8AC08F5A06802210AFB07F3F6
:108AC800780108EB47129160E21892F861100129C9
:108AD80027D0032920D0042946D0052944D00629C7
:108AE80015D0072902D009297FF4CDAC0AFB07432A
:108AF8004FF0020283F86120DA6D0132022ADA654A
:108B080037D90022DA65042283F860205FE66033F3
:108B180040F20522E2525AE64FF0020382F8613031
:108B280055E6603340F20121E15292F83F30023BB2
:108B3800012B3FF64CAEE3687BB1012B7FF447AEC7
:108B4800D36C002B3FF443AEB2F84010013B0B440A
:108B5800B3FBF1F3DB077FF53AAE92F8553083F0BB
:108B6800010382F8553032E6603340F20222E252C5
:108B78002DE64FF0020283F8602058F8003023F009
:108B8800804343F0004348F8003020E690F8F8327C
:108B9800012B0CD0012310B50446006884F8F83284
:108BA80006F0F4FB0023184684F8F83210BD0220C2
:108BB800704700BF2DE9F04703684FF020080546CD
:108BC8000E461746986910F0020940F09E809C698D
:108BD80014F0100468D010223C46CA46DA61711CB1
:108BE8009A6963D1900600F19380BAF1000F04D11D
:108BF8009C69A106FCD5C3F81C8049F00404012136
:108C08009A69D00530D54FF48071560544F00104B7
:108C1800D96104D54FF4806144F00804D961910505
:108C280004D54FF4007244F00204DA619A6990079F
:108C380001D500229A629A69D10703D49A6942F051
:108C480001029A615A680021344820260240012016
:108C58005A606B6C85F840101C436C6485F8416061
:108C680085F84210BDE8F0875005D3D49205D8D4D2
:108C78000029DBD1721CA5D0FDF728F9C01B2B6891
:108C8800B04201D8002E9DD19A6912F0020299D102
:108C98006B6C2021012085F840200B436B6485F81C
:108CA800411085F84220DDE72146A9E792062FD436
:108CB800BAF1000FA1D1FDF709F9001B2B68864214
:108CC80001D3002E8BD1586895F842209969D2B209
:108CD80009040BD5410409D4202A07D05A6842F464
:108CE80080425A60FDF7F2F82B6804469A699006AC
:108CF8003FF575AFFDF7EAF8001B2B681928F5D981
:108D08004FF020094FF0010A69E70020BDE8F0871D
:108D1800BAF1000F3FF46FAF6FE700BF00E800FE45
:108D280003682DE9F04790469A69940665D406468B
:108D38000F464FF010099C6914F0100460D000250C
:108D48004446C3F81C90AA46791C9A695AD19006E1
:108D58007DD4BAF1000F04D19C69A106FCD520226C
:108D6800DA6145F0040401219A69D00530D54FF441
:108D78008071550544F00104D96104D54FF4806130
:108D880044F00804D961970504D54FF4007244F003
:108D98000204DA619A69900701D500229A629A69F9
:108DA800D10703D49A6942F001029A615A680021F6
:108DB80034482025024001205A60736C86F8401020
:108DC8001C43746486F8415086F84210BDE8F08769
:108DD8005005D3D49505D8D40029DBD1FDF776F812
:108DE800A0EB08003368B84200D81FB99A6912F09E
:108DF800200230D09A6992069DD50020BDE8F08700
:108E08002146B1E7920622D4BAF1000FA9D1FDF7A5
:108E18005DF8001B3368874201D3002F94D158684E
:108E280096F842209969D2B2090403D5410401D4C5
:108E3800202A1DD19A69900686D4FDF747F8001BB1
:108E480033681928F6D920254FF0010A7CE7BAF1D2
:108E5800000F84D085E7736C2021012086F840201C
:108E68000B43736486F8411086F84220BDE8F0870A
:108E78005A6842F480425A60FDF728F8336804467D
:108E8800D8E700BF00E800FE00284ED010B590F8E3
:108E98004130044603F0FF02002B41D0236824210F
:108EA800626884F84110196822F07062E06821F065
:108EB8000101012819601A619A6822F400429A6037
:108EC800A26829D042F4044202289A6002D14FF4E1
:108ED80000625A6058684FF0200C15492269014316
:108EE8005960D96821F40041D960D4E905010243E9
:108EF80042EA0122D4E90710DA6000220143104651
:108F08001960196841F001011960626484F841C070
:108F1800226384F8422010BD42F400429A60D9E7E7
:108F280080F84020F9F76EFFB8E70120704700BFCE
:108F3800008000022DE9F84F1E4690F841300A9D46
:108F4800202B2CD190F840308346012B27D00123C9
:108F58008A46144680F84030FCF7B8FFDBF800304A
:108F680080469A6917041DD5FCF7B0FFA0EB0800EE
:108F7800DBF800301928F4D99A691004F1D5DBF828
:108F880044302021002201200B438BF84020CBF8ED
:108F980044308BF841108BF84220BDE8F88F02204E
:108FA800BDE8F88F21210022CBF824408BF841102E
:108FB8001021CBF834208BF84210CBF84420ABF8C2
:108FC8002A60BBF82A2092B2FF2A6ED8BBF82A2062
:108FD80092B2ABF82820002A40F058815A68AF496D
:108FE8000A40CAF30901CAF3090A1143AC4A0A4301
:108FF8005A604FF02009BBF82A2092B2002A00F0EC
:1090080006819C6914F0020440F0CA809A6912F043
:10901800100200F09280102246462746DA61691C49
:109028009A6940F08C80900600F1078127B99A6907
:109038009106FCD5C3F81C9044F0040201209969FC
:10904800CE0554D54FF480704D0542F00102D86129
:1090580004D54FF4806042F00802D861890504D530
:109068004FF4007142F00202D96199698E0701D567
:10907800002199629969CD0703D4996941F00101EA
:1090880099615968002487482025014001205960CA
:10909800DBF844308BF840401A43CBF844208BF877
:1090A80041508BF84240BDE8F88FFF22FE214FF077
:1090B8008070ABF828204FF47F02CAF309063243C8
:1090C800B24614F8016B9E62ABF82810BBF82A1060
:1090D800CBF824400139714C89B2ABF82A10596891
:1090E80021400A43024342F400525A6081E74C058A
:1090F800AFD48F05B4D40028B7D16A1C81D0FCF74F
:10910800E5FEA0EB0800DBF80030854202D3002D15
:109118007FF477AF9A6912F002027FF472AFDBF83E
:109128004430202101208BF840200B43CBF84430F9
:109138008BF841108BF8422032E710467FE7920601
:109148007BD4002F7FF478AFFCF7C0FE801BDBF8E0
:109158000030854202D3002D7FF461AF58689BF838
:1091680042209969D2B209040CD541040AD4202AB4
:1091780008D05A6842F480425A60FCF7A7FEDBF830
:10918800003006469A6990063FF549AFFCF79EFE07
:10919800801BDBF800301928F4D9202401273EE78A
:1091A800DBF82400BBF8282010F8011B013A99626B
:1091B800BBF82A1092B2CBF824000139ABF828206A
:1091C80089B2ABF82A10BBF82A1089B200293FF4FB
:1091D80012AF002A7FF40FAF6C1C32D19A691006C7
:1091E800FCD5BBF82A2092B2FF2A3CD95A682E49EE
:1091F8000A402E494AEA02021143FF22ABF828200E
:109208005960BBF82A2092B2002A7FF4FAAE42468F
:1092180029465846FFF784FD002835D1DBF8003091
:109228002021204CD9615A6822405A608BF841109D
:109238008BF840008BF84200B2E6002F3FF4FAAEFC
:10924800FAE69A691106CCD4FCF740FEA0EB0800B8
:10925800DBF80030854201D3002DBDD19A6912F0A8
:109268008002B9D15BE7BBF82A200F4892B2D1B28D
:10927800ABF828205A6802404AEA020242EA014250
:1092880042F000725A60B6E6012089E6013A4FF0D2
:10929800007091B24A1CD2B212040EE7009800FC8A
:1092A8000020000200E800FE009C00FC0000FF0116
:1092B8002DE9F0471F4690F84130202B62D1044633
:1092C8000D46002957D0B2FA82F916464FEA5919C5
:1092D800002A50D05FFA83FA90F84030012B51D021
:1092E800012380F84030FCF7F1FD212365628046B8
:1092F800256884F8413084F842A0C4F84490668513
:109308006B68C4F8349023F400436B60791C3DD13A
:10931800AE693207FCD5236AB3F5003F00F0B1808F
:109328000823EB61E368022B61D07A1C40F095803A
:10933800AB69DB03FCD5638D9BB273B96EE0626ADF
:10934800256812F8013BAB62638D6262013B9BB2F8
:109358006385638D9BB2002B60D042463946204618
:10936800FFF728FC0028EAD022680126536843F456
:109378000043536003E04FF40073012663643046F2
:10938800BDE8F08702263046BDE8F087AB691B07C9
:10939800C1D4FCF79BFDA0EB08002568874201D3E8
:1093A800002FB3D1AB6913F00803AFD1626C202151
:1093B80084F8403001260A433046626484F841103C
:1093C80084F842306B6843F400436B60BDE8F08773
:1093D800AB69190710D4FCF779FDA0EB08002568E4
:1093E800874200D31FB9AB6913F00803DED07E1C97
:1093F800EED1AB691807FCD50823EB6195E7AB699B
:10940800DA0610D4FCF762FDA0EB08002568874255
:1094180000D31FB9AB6913F01003C7D0781CEED185
:10942800AB69D906FCD5AB699B0734D4AB69DE07B9
:1094380003D4AB6943F00103AB61102342463946BC
:109448002046EB61FFF76CFC2268064630B3536890
:10945800012643F40043536091E7AB69DE033FF50F
:109468006AAFFCF733FDA0EB08002568874202D3FA
:10947800002F7FF45AAFAB6913F480337FF455AFF4
:1094880094E7636A13F8012BAA626362638D013B58
:109498009BB2638544E70023AB62C7E72023D3610F
:1094A800781C0FD193691904FCD45368002120203B
:1094B80043F40043536084F8410084F8401084F872
:1094C80042105CE793691B04EFD5FCF7FFFCA0EBA7
:1094D80008002268874201D3002FE1D193691D0457
:1094E800DED5636C202000210126034384F8401058
:1094F800636484F8410084F84210536843F40043DD
:1095080053603CE70268436B9169126803B11847DE
:10951800704700BF90F84100704700BF90F84120A5
:10952800202A23D15FFA82FC90F840200346012AC2
:109538001CD00268242000B583F841004FF0000ECB
:10954800106820F001001060106820F4805010604E
:109558001068014370461160116841F00101116003
:1095680083F841C083F840E05DF804FB02207047AF
:1095780090F84120202A22D1034600B55FFA82FEE6
:1095880090F84020012A1CD0026824204FF0000CDB
:1095980083F84100106820F001001060106820F482
:1095A800706040EA012160461160116841F00101D4
:1095B800116083F841E083F840C05DF804FB0220A5
:1095C800704702205DF804FB2DE9F04F056889B06B
:1095D8000446284605F0FCFD10B109B0BDE8F08F3F
:1095E8008346206805F0BEFD0028F6D0D5F8083877
:1095F80005F500622068C3F30D230292C4F8FC3419
:1096080005F0B0FD10F0020F206803D0436903F0A5
:109618000203436105F0A6FD10F0100F206812D078
:10962800836923F0100383612E6AC6F3434306F06F
:109638000F07022B00F0E383062B00F022838369D7
:1096480043F01003836105F08DFD070300F180826C
:10965800206805F087FD460300F12882206805F0A0
:1096680081FD0028C0F29A81206805F07BFD030582
:1096780000F15781206805F075FD060114D52268B0
:10968800536903F00063536194F8F434002B40F0FD
:10969800AB820121204684F8F414536DC3F383038D
:1096A800C4F8F83400F04CFE206805F05BFDC004F7
:1096B80000F19E81206805F055FD10F4005F2068D8
:1096C80040F07F8105F04EFD010700F1E68120683A
:1096D80005F048FD020671D5AA69636822F0800288
:1096E800012BAA616AD994F8A322012A00F0E88321
:1096F800022B63D994F8C722012A00F0FC83032BBC
:109708005CD994F8EB22012A00F0B482042B55D9D5
:1097180094F80F23012A00F0C782052B4ED994F83C
:109728003323012A00F02484062B47D994F85723C1
:10973800012A00F03184072B40D994F87B23012AB1
:1097480000F04884082B39D994F89F23012A00F0A7
:109758005584092B32D994F8C323012A00F0628476
:109768000A2B2BD994F8E723012A00F06F840B2BDE
:1097780024D994F80B24012A00F07C840C2B1DD9E1
:1097880094F82F24012A00F07D840D2B16D994F823
:109798005324012A00F09D840E2B0FD994F87724C6
:1097A800012A00F0A4840F2B08D994F89B34012BCC
:1097B80004D104F59361206805F0E2FB206805F008
:1097C800D1FCC30240F1AB806368012B40F2898071
:1097D80094F86420D5F82019012A00F01482022B8D
:1097E8007FD994F88820D5F84019012A00F01E8204
:1097F800032B76D994F8AC20D5F86019012A00F02B
:109808002182042B6DD994F8D020D5F88019012A2B
:1098180000F02482052B64D994F8F420D5F8A01917
:10982800012A00F04183062B5BD994F81821D5F85A
:10983800C019012A00F05383072B52D994F83C2110
:10984800D5F8E019012A00F05E83082B49D994F86D
:109858006021D5F8001A012A00F06183092B40D94C
:1098680094F88421D5F8201A012A00F06C830A2B79
:1098780037D994F8A821D5F8401A012A00F0808336
:109888000B2B2ED994F8CC21D5F8601A012A00F0B8
:1098980095830C2B25D994F8F021D5F8801A012A44
:1098A80000F0A0830D2B1CD994F81422D5F8A01A27
:1098B800012A00F0AB830E2B13D994F83822D5F87F
:1098C800C01A012A00F0B6830F2B0AD994F85C223B
:1098D800D5F8E01A012A00F0C183102B01D9D5F878
:1098E800003B2068436903F48013436105F03AFCA8
:1098F800870221D4206805F035FC400000F1C480BF
:10990800206805F02FFC41077FF567AE23685D6886
:109918006A0700F195825A682A435A605DE6206812
:10992800E4E7029B9B68DF0700F1868220684369B1
:1099380003F4006343619EE6D4F804C0BCF1010F50
:1099480026D905F532622346012104E0013120328F
:10995800243361451CD093F8A40216680128F5D178
:10996800002EF3DAD4F8FC7406F4803607F0010709
:10997800BE42EBD183F8A302A86940F08000A86139
:1099880068690606E2D4029A536843F40073536088
:109998002068436903F400134361ACE7029A5368F3
:1099A80023F00103536094F8F434012B00F037815D
:1099B8002046FCF773F92068436903F000434361CC
:1099C80053E605F009FC206805F042F92668206195
:1099D80001F0DEFE227C0146304605F06DF8204697
:1099E800FCF732F92068436903F40053436169E6E0
:1099F800029A10212068536823F00103536005F090
:109A0800D5F86068E0B105F510634FF67F319960CD
:109A18000BF1010B1A682033834522F4001243F836
:109A2800202CC3F8E811D3F8E02122F40012C3F87F
:109A3800E021D3F8E02142F00062C3F8E021E6D14A
:109A48000299226BCB6943F00113CB61002A40F0E5
:109A5800CF804A6942F22B0313434B610B6943F0F1
:109A68000B030B61D5F8003804F2C442217B23F4C0
:109A7800FE632068C5F8003805F0C4FB2068436918
:109A880003F48053436116E62046FCF713F9206877
:109A9800436903F08043436133E72046FCF7D0F87D
:109AA8002068436903F00803436111E6206805F064
:109AB8006DFB804600283FF4D1AD4FF0000A2068C6
:109AC800274605F5106956460395CDF810B009E00C
:109AD8005FEA580806F1010607F1240709F1200991
:109AE80000F0EC8018F0010FF2D05FFA86FA5146C8
:109AF80005F05EFBC107054613D5029906F00F0372
:109B080001229A404B6B23EA02034B630123E1686D
:109B1800C9F80830994200F0988151462046FCF770
:109B280085F82A0702D50823C9F80830EB0602D5BC
:109B38001023C9F80830680602D54023C9F8083050
:109B4800A90700F14F812A0600F1F9802068BFE7D4
:109B5800206805F013FB064600283FF479AD05F5AB
:109B68003067A2464FF00009CDF80CB008E076083F
:109B780009F1010907F120070AF1240A00F09B8086
:109B8800F007F4D55FFA89FB2068594605F006FB13
:109B980010F0010F804640F0B38018F0080F40F035
:109BA800908018F0100F01D01022BA6018F0020F40
:109BB8000ED06A69100604D5029B5A6842F4806286
:109BC8005A609AF87F22012A00F081810223BB6043
:109BD80018F0200F01D02023BB6018F4005FC6D016
:109BE8004FF40053BB60C2E72046FCF73FF85BE543
:109BF800D1F8843043F00B03C1F884304B6C43F048
:109C08000B034B642EE70029BFF6E9AD214684F823
:109C1800632051F8600B05F0B3F96368DFE50021B4
:109C2800204684F8F41400F08BFBC4E60029BFF644
:109C3800DFAD214684F8872051F8840B05F0A0F9A0
:109C48006368D5E50029BFF6DCAD214684F8AB2072
:109C580051F8A80B05F094F96368D2E50029BFF61E
:109C6800D9AD214684F8CF2051F8CC0B05F088F9FE
:109C78006368CFE504F53A71206805F081F96368F7
:109C880044E507EBC707082204F2C441284605F05B
:109C9800D1F9C6F30A1304EB87022068D2F89012B0
:109CA8000B44C2F89032CAE404F54371206805F009
:109CB80067F9636831E5DDF80CB0C9E4DDE9035BF9
:109CC800CDE421680822BB4BBA6001F53062096C0B
:109CD80002EB49129942906840F2C880030402D509
:109CE8004FF4004191602046FBF790FFE16801299D
:109CF8007FF457AF04F2C442206805F083FA50E7B6
:109D080020680122E168BA6000F530620129D0F8C4
:109D180040C002EB4912936800F0AC80A6498C451C
:109D280000F00981B9F1000F04D1D4F88C22002A7F
:109D380000F0D78159462046FBF76EFF2DE7D7E99B
:109D48001353D4F800B0AB4258463FF6C1AE0BF5FA
:109D58001062796CCDF81CB002EB46120592EA1A33
:109D68008A4228BF0A4605998969033289B2B1EB4C
:109D7800920FC0F0958052460696CA462646C146BE
:109D8800059C904619E0ED1A7B6CB96C42469D42E1
:109D9800584628BF1D46337B0093ABB205F034F913
:109DA800BB6CA1692B4489B2BB643B6D2B44033562
:109DB800B1EB950F3B656BD3FD6C9D42E3D8344600
:109DC800C846069ED146D4F800B0079B01225846E3
:109DD80003F5006106F00F039A404B6B23EA020378
:109DE8004B6375E63146039804F0E0FE97F83F3080
:109DF800012B00F0B4800223C9F80830A3E647F627
:109E0800F0731E423FF41BAC07EBC707C6F30A12F8
:109E1800284604EB87071646D7F8881205F00AF992
:109E2800D7F8883220683344C7F88832D7F8903298
:109E38003344C7F8903202E42046FBF717FF75E574
:109E48002046FBF73BFF236865E5D7E91123134458
:109E5800BB64002E7FF461AEE36C002B7FF45DAE33
:109E680004F2C442206805F0CDF956E62046FBF717
:109E7800CDFE96E6190740F197804E498C457FF64E
:109E88008CAE18047FF589AE4FF40041916084E6EA
:109E98003446C846069ED146D4F800B0FD6C5846F4
:109EA8009D423FF615AE90E70029BFF6BCAC2146AF
:109EB80084F8F32051F8F00B05F062F86368B2E417
:109EC80004F52871206805F05BF8636810E4002346
:109ED800594620468AF87F32FBF7E4FE76E60029E9
:109EE800BFF6AAAC04F58A71206884F8172105F03A
:109EF80047F86368A0E404F53171206805F040F87C
:109F08006368FFF7FCBB0029BFF69FAC04F59C71A2
:109F1800206884F83B2105F033F8636895E400294C
:109F2800BFF69CAC04F5AE71206884F85F2105F09B
:109F380027F8636892E41804A6D499067FF5FAAE68
:109F480020219160F6E60029BFF691AC04F5C071B6
:109F5800206884F8832105F013F8636887E44FF0DC
:109F680000035146204687F83F30FBF79FFE42E743
:109F780004F54C71206805F003F86368FFF7D4BB5B
:109F88000029BFF67DAC04F5D271206884F8A721BA
:109F980004F0F6FF636873E404F55571206804F073
:109FA800EFFF6368FFF7C7BB990673D5202191605F
:109FB800F3E500BF0A30544F0A31544F0029BFF669
:109FC80068AC04F5E471206884F8CB2104F0D8FF6C
:109FD80063685EE404F55E71206804F0D1FF63688D
:109FE800FFF7B0BB0029BFF65DAC04F5F671206839
:109FF80084F8EF2104F0C4FF636853E404F5677143
:10A00800206804F0BDFF6368FFF7A3BB0029BFF613
:10A0180052AC04F50471206884F8132204F0B0FFF0
:10A02800636848E404F57071206804F0A9FF636868
:10A03800FFF796BB0029BFF647AC04F50D71206801
:10A0480084F8372204F09CFF63683DE404F57971D5
:10A05800206804F095FF6368FFF789BB0029BFF605
:10A068003CAC04F51671206884F85B2204F088FF84
:10A07800636832E404F58161206804F081FF636855
:10A08800FFF77CBB04F22C41206804F079FF636879
:10A09800FFF77BBB13F0280F7FF47FAD1B498C457E
:10A0A80002D91B043FF5F0AE1169DAF89C22C1F31E
:10A0B8001201521ACAF89022B9F1000F7FF43AAE91
:10A0C800D4F88C12D9B1D4F888120A44C4F888227A
:10A0D80030E604F58A61206804F052FF6368FFF7F0
:10A0E8005BBB04F2C442494605F08CF822E604F250
:10A0F8007441206804F044FF6368FFF754BB04F21E
:10A10800C442012105F07EF814E600BF0A30544F1E
:10A1180090F8BC24012A0ED0012210B5044600682C
:10A1280084F8381084F8BC2405F00AF8002318468F
:10A1380084F8BC3410BD0220704700BF10B501F090
:10A148000F0E0906044627D44FF0240C0CFB0E0C06
:10A158000CF51F710EEBCE0C00EB8C0C00208CF86C
:10A168007D028A604A7881F800E00B710AB1A1F893
:10A178001AE0022B01D100234B7194F8BC34012B57
:10A1880018D00123206884F8BC3404F06DFD002346
:10A19800184684F8BC3410BD24204FF0010C00FB95
:10A1A8000E4000F13C010EEBCE0004EB800080F87D
:10A1B8003DC0D6E7022010BD08B501F00F0E2421DE
:10A1C8000EEBCE0C01FB0E0100EB8C0C01F51F71A0
:10A1D800CCF88C320023CCF888228CF87CE2CCF8BE
:10A1E80090328CF87D32C3680068012B08BFCCF828
:10A1F8009822DAB204F080FD002008BD08B501F00D
:10A208000F0E24210EEBCE0C01FB0E0100EB8C0C83
:10A218003C31CCF84C300023CCF84820CCF85030F6
:10A2280001238CF83CE08CF83D30C3680068012BB2
:10A2380008BFCCF85820DAB204F05EFD002008BD53
:10A2480038B5436801F00F059D4234D80B06044623
:10A258001DD4242201EBC10302FB010100EB83039F
:10A26800002201F51F7183F87D2201230D708B7088
:10A2780094F8BC249A421CD0206884F8BC3404F0BA
:10A28800FFFED5B10023184684F8BC3438BD24211C
:10A2980005EBC503012201FB050100EB83033C31FB
:10A2A80083F83D2001230D708B7094F8BC249A42EA
:10A2B800E2D1022038BD012038BD04F2C442217B1E
:10A2C800206804F09FFFDDE7426838B501F00F030E
:10A2D800934232D811F0800F04464FF0240103EB6B
:10A2E800C30219D101FB0341002004EB82020025BF
:10A2F80001F51F7182F87D020B708D7094F8BC34E3
:10A30800012B18D00123206884F8BC3404F0ECFE3B
:10A31800284684F8BC5438BD01FB0341012004EBF6
:10A32800820200253C3182F83D000B708D7094F854
:10A33800BC34012BE6D1022038BD012038BD00BF56
:10A34800704700BF38B5104CE36813F0040FE3689A
:10A3580005D103F00703181A18BF012038BD23F0F0
:10A3680007031843E060FBF7B1FD054605E0FBF77E
:10A37800ADFD401BB0F57A7F04D863689B04F6D521
:10A38800002038BD012038BD00480258024AD36871
:10A3980043F08073D36070470048025870B44D6A28
:10A3A80015B1B2F1406F3AD18B691BB30C6A002C1E
:10A3B8004CD08E680068C661CE69002E69D02B43E8
:10A3C80013432343CC6A334323430C6B23434C6B23
:10A3D80023430C692343CC6823430C6823434C690B
:10A3E800B2F1406F43EA8443436165D04B6870BC67
:10A3F800836170470B6ABBB100682B438C68CE69D8
:10A40800C461002E6BD01343CC6A334323430C6BD7
:10A4180023434C6B23430C692343CC68DEE78B6AE8
:10A428000468013B2361BFE7CB69002B66D1002D8F
:10A4380042D0CB6A0C6B2B43006813434A69234311
:10A448004C6B234343EA8243436135E0CC6945EAD8
:10A45800030C002C32D003684CEA0200B2F1406FC2
:10A4680040EA0400CC6A40EA04000C6B40EA0400AD
:10A478004C6B40EA0400CC6840EA04000C6840EAEF
:10A4880004004C6940EA8440586115D04A689A61D2
:10A4980012E045EA030C0D694CEA0203CA6A234339
:10A4A8001343D1E90C4223430C6813434A692B43F5
:10A4B800234343EA8243436170BC7047CC6A4CEA49
:10A4C800020300682343D1E90C4223430C68134379
:10A4D8004A69234343EA824370BC43617047CC6AAC
:10A4E80013432343D1E90C4223431343D1E90442E4
:10A4F800234343EA824370BC436170472B43CD6AD0
:10A508000C6B134300682B4323434C6B84E700BF59
:10A5180070B50546FBF7DAFC002D46D095F84130BA
:10A528000646002B39D0AC6C2A68A9681368013933
:10A5380023F4F85343EA0123136001E0631C24D198
:10A54800936813F02003F9D1E869E96814680143B6
:10A55800286A0143686841EA0061194820400143BC
:10A5680068691160A96954680143286941EA004192
:10A5780014482040012401431846516011682143C2
:10A5880011606B6485F8414070BDFBF79FFC801B30
:10A59800A0420CD85CB12A68D2E72846F9F722FA1B
:10A5A80041F288331C46AB64BEE7012070BD04232A
:10A5B800012085F841306B6C03436B6470BD00BFAC
:10A5C8002FFFFF00FEF8E0FF70B10268136823F068
:10A5D800010310B513600446F9F7CEFA002363644B
:10A5E800184684F8413010BD012070472DE9F0412C
:10A5F80004460E461546FBF769FC94F84030012BDB
:10A608003AD0012384F8403094F84130012BDFB26E
:10A6180006D002270023384684F84030BDE8F08190
:10A62800002380466364022384F84130681C236851
:10A638000ED19A6812F02002FBD131462046FFF76E
:10A64800ADFE736AE3B10123002784F84130E1E7E6
:10A658009A6812F020021ED0FBF738FCA0EB080025
:10A66800854201D3002DE1D1042384F84130636C85
:10A6780043F001036364CDE702273846BDE8F08163
:10A68800226893689B07FCD5022101230027D1602B
:10A6980084F84130BEE731462046FFF77FFE736AF3
:10A6A80043B1D0E7FBF712FCA0EB08008542DBD3EF
:10A6B800002DD9D0226893689907F3D5E4E700BF45
:10A6C8002DE9F843044689461546FBF7FFFB94F845
:10A6D80040302768012B67D0012384F8403094F874
:10A6E8004130012B5FFA83F807D04FF002080023AE
:10A6F800404684F84030BDE8F88300236364B9F12C
:10A70800000F56D01223064684F841303B690133C6
:10A71800E3623B69C4F824900133A3627B6923F0A8
:10A7280040637B61E36A002B31D06A1C394611D142
:10A738008B685B07FCD5636A1B7887F82030E26A70
:10A74800636A013A0133E262E26A6362F2B16A1C47
:10A758002168EDD08B685807EDD4FBF7B7FB801B59
:10A76800854201D3002DF2D1042384F84130636C73
:10A7780043F00103636413E0BB689B070CD4FBF749
:10A78800A5FB801B8542EFD3002DEDD02768691CFF
:10A79800F2D1BB689A07FCD502234FF00008FB6092
:10A7A800012384F84130A2E74FF002084046BDE893
:10A7B800F883636C43F00803636498E72DE9F84372
:10A7C800044615468946FBF781FB2768BA6994F861
:10A7D8004030012B6CD0012384F8403094F841308C
:10A7E800012B5FFA83F807D04FF002080023404698
:10A7F80084F84030BDE8F88300236364B9F1000FA2
:10A808005BD02223064684F841303B690133A363B9
:10A818003B69C4F83090013363637B6923F040637C
:10A8280043F080637B61BA61A36B002B33D0681C53
:10A83800394612D18B6813F0060FFBD097F8202009
:10A84800236B1A70A26B236B013A0133A263A26BCC
:10A858002363FAB1681C2168ECD08B6813F0060FEB
:10A86800ECD1FBF733FB801B854201D3002DF1D1DE
:10A87800042384F84130636C43F00103636413E0FC
:10A88800BB689B070CD4FBF721FB801B8542EFD3E9
:10A89800002DEDD02768691CF2D1BB689A07FCD55A
:10A8A80002234FF00008FB60012384F841309DE744
:10A8B8004FF002084046BDE8F883636C43F0080394
:10A8C800636493E72DE9F84F04461F46894690468E
:10A8D800FBF7FCFA94F84030012B52D0012384F89E
:10A8E800403094F84130012B5FFA83FB07D04FF0DA
:10A8F800020B0023584684F84030BDE8F88F002347
:10A9080082466364422384F841307A1C26682CD13D
:10A91800B568AB06FCD4D8F8003049462046B36287
:10A92800D8F804307362D8F80830F3623268D8F87F
:10A93800103022F440021343D8F80C2043F480036B
:10A948003360C9F828204FF00062FFF727FD781C14
:10A9580022681BD193681907FCD5082101234FF001
:10A96800000BD16084F84130C3E7B3689D06D2D5A7
:10A97800FBF7ACFAA0EB0A00874212D3002FC4D130
:10A988000FE04FF0020B5846BDE8F88F93681B079D
:10A99800E3D4FBF79BFAA0EB0A00874201D3002F10
:10A9A800D5D1042384F84130636C43F00103636418
:10A9B8009FE700BF2DE9F04704460F461646FBF710
:10A9C80085FA94F84030012B45D0012384F84030B3
:10A9D80094F84130012B5FFA83F907D04FF0020950
:10A9E8000023484684F84030BDE8F08700238046BD
:10A9F800D4F848A06364822384F84130BAF1FF3F59
:10AA0800256814D1AB689A06FCD42B68726823F0C9
:10AA18000803082A43EA02032B6021D04FF0406262
:10AA2800394620464FF00009FFF7B8FCD8E7AB6875
:10AA38009B06EAD5FBF74AFAA0EB0800824502D349
:10AA4800BAF1000FDAD1042384F84130636C43F083
:10AA580001036364C4E74FF002094846BDE8F08784
:10AA6800326810232A63EB602B6843F480132B6051
:10AA7800D4E700BF704700BF08B5006C00238363AC
:10AA8800C36290F84130082B0BD103680222DA60C8
:10AA98001A6842F400321A601A6842F002021A6018
:10AAA80008BD012380F84130FFF7E4FF08BD00BF6F
:10AAB800704700BF704700BF704700BF704700BFB6
:10AAC800704700BF704700BF704700BF38B50368C4
:10AAD80004469A68196855070ED548030CD594F8AA
:10AAE8004120122A75D094F84120222A00F0A18032
:10AAF8002046FFF7E5FF38BD950726D5880324D5FE
:10AB08000222DA601A6822F4E0221A6094F84120DE
:10AB1800122A7AD094F84120222A00F0A98094F8C9
:10AB28004120022A00F0D08094F84120082AE2D17E
:10AB38005A690121204622F040625A6184F8411086
:10AB4800636C3BBBFFF7B4FF38BD150725D4D507A9
:10AB580035D5C80333D50125DD601A6822F4702283
:10AB68001A60626C42F0020262641A68520779D570
:10AB78001A68E06B22F004021A60574B836506F0EE
:10AB88003FFD0028B7D0636C204643F0040363649C
:10AB980084F84150FFF76EFF38BD0803D7D5082267
:10ABA800DA601A68520206D51A68012122F41022C6
:10ABB8001A6084F841102046FFF784FF38BDD0069C
:10ABC80099D5CA0297D510222046DA60FFF77CFF94
:10ABD80038BD9A6850078BD518460EE0626A12781D
:10ABE80083F82020E16A20680139626AE162013253
:10ABF800816862624D077FF57BAFE26A002AEDD17A
:10AC0800036823F48023036072E71A68510709D5A3
:10AC18001A68E16B22F0040209681A60CB6823F015
:10AC28000103CB600123204684F84130FFF746FF3B
:10AC380038BD9A6852077FF55BAF18460EE093F867
:10AC48002010226B1170A16B20680139226BA1635F
:10AC580001328168226349077FF54AAFA26B002A57
:10AC6800EDD1CDE7204684F84150FFF703FF38BD0A
:10AC78001A6852071DD49A6812F47C5F0FD111E04C
:10AC880093F82010226B1170A16B20680139226B98
:10AC9800A16301328168226311F47C5F02D0A26B48
:10ACA800002AEDD10123204684F84130FFF704FF44
:10ACB80038BD1A68E16B22F0040209681A60CB6893
:10ACC80023F00103CB60EDE70123204684F84130EF
:10ACD800FFF7F0FE38BD00BF81AA0008454B30B42D
:10ACE8009A6A9C6ADD6A14F47C7F596BC4F3051078
:10ACF80038D0C1F3CC0105F0010502F0030205FBD1
:10AD080001F1012A07EE901AB8EEE77A02D0022A7A
:10AD18004ED04AB307EE900ADFED376AF8EEE77ACD
:10AD28001B6B86EEA76A9FED355AC3F3080306EE40
:10AD3800903AF7EE005AF8EEE66AE7EE056A76EE24
:10AD4800A56A66EE266A2B4B1B6BC3F346230133B9
:10AD580007EE903AB8EEE77AC6EE877AFCEEE77A25
:10AD680017EE900A30BC70471A68920627D5196802
:10AD780007EE900A224AF7EE005A1B6BC1F3C10195
:10AD8800F8EEE77A9FED1D5AC3F30803CA4006EEB2
:10AD9800903A06EE102AF8EEE66AB8EEC66AE7EED2
:10ADA800056A86EE277A76EEA56A66EE876ACAE7AE
:10ADB80007EE900ADFED136AF8EEE77AB0E707EEE0
:10ADC800900A9FED115A1B6BB7EE006AF8EEE77A0E
:10ADD800DFED0A5AC3F30803C5EE276A07EE903A77
:10ADE800F8EEE77AE7EE257A77EE867A66EEA76AD6
:10ADF800A9E700BF004402580024744A0000003943
:10AE08000090D0030024744B0024744C002800F0F8
:10AE1800EC81F8B503680446D80730D5A5490A6916
:10AE2800896A02F03802102A00F00981182A00F015
:10AE380001816368B3F5803F00F02C81002B00F09E
:10AE48006A81B3F5A02F9B4B1A6800F08E8222F41A
:10AE580080321A601A6822F480221A60FBF736F8EA
:10AE6800944E41F28837054605E0FBF72FF8401B62
:10AE7800B84200F24E8133689A03F6D523689D07DD
:10AE880000F18A80D90633D58A4A1369926A03F099
:10AE98003803082B00F0E380182B00F0DB80E3690F
:10AEA800844D002B00F071812B6843F080032B60E8
:10AEB800FBF70CF8064605E0FBF708F8801B0228AC
:10AEC80000F227812B68DB05F6D5FBF717F841F26E
:10AED8000303984200F27182226A6B68202A23F0E9
:10AEE800F8430CBF43F0804343EA82636B602368F6
:10AEF8001D0716D563696F4D002B00F024816B6F19
:10AF080043F001036B67FAF7E1FF064605E0FAF73D
:10AF1800DDFF801B022800F2FC806B6F9807F6D5D6
:10AF280023689A0616D5A369624D002B00F01C8190
:10AF38002B6843F480532B60FAF7C8FF064605E0F8
:10AF4800FAF7C4FF801B022800F2E3802B689F04F5
:10AF5800F6D52368590700F1A380606AD0B1554D32
:10AF68002B6903F03803182B00F0B1812B680228F5
:10AF780023F080732B6000F04481FAF7A7FF0446A2
:10AF880005E0FAF7A3FF001B022800F2C2802B6835
:10AF98009B01F6D40020F8BD464A1369926A13F063
:10AFA80038032DD1434BE2681B68590701D5002AA5
:10AFB8004ED0404D2B6823F0190313432B60FAF74A
:10AFC80085FF064605E0FAF781FF801B022800F29C
:10AFD800A0802B685B07F6D5FAF790FF41F20303D0
:10AFE800984200F2F98022696B68402A23F47C3386
:10AFF8000CBF43F4003343EA02336B60236841E734
:10B00800182B00F0E5802B4DE2682B68002A00F031
:10B01800CE8023F0190313432B60FAF757FF064637
:10B0280004E0FAF753FF801B022872D82B685F07E9
:10B03800F7D5D1E701F0030102297FF4FAAE1D4AE2
:10B04800126891037FF51BAF6268002A7FF417AF7F
:10B058000120F8BD02F00302012A7FF420AF154B4E
:10B068001B68DA0502D5E369802BF1D1FAF746FFB0
:10B0780041F20303984200F2BA80226A202A00F0C3
:10B08800AB810C494B6823F0F84343EA82634B6079
:10B0980023682DE7074A136843F480331360DDE61D
:10B0A800054D2B6843F480732B60FAF70FFF0646B3
:10B0B80009E000BF0044025800480258FAF706FFAA
:10B0C800801B642825D82B68DA05F7D5A368012BDF
:10B0D80000F07C81002B00F05781052BA74B1A6FDD
:10B0E80000F0838122F001021A671A6F22F004022D
:10B0F8001A67FAF7EBFEA14E41F28837054604E0DD
:10B10800FAF7E4FE401BB84203D8336F9B07F7D524
:10B1180023E70320F8BD994D41F288372B6823F4C3
:10B1280080332B602B6823F480232B60FAF7CEFE44
:10B13800064604E0FAF7CAFE801BB842E9D82B6835
:10B148009B03F7D49AE66B6F23F001036B67FAF75A
:10B15800BDFE064604E0FAF7B9FE801B0228D8D8DF
:10B168006B6F9907F7D4DBE62B6823F480532B60C9
:10B17800FAF7ACFE064604E0FAF7A8FE801B0228A0
:10B18800C7D82B689804F7D4E3E62B6823F080032C
:10B198002B60FAF79BFE064604E0FAF797FE801B41
:10B1A8000228B6D82B68DF05F7D42368A0E623F079
:10B1B80001032B60FAF78AFE064604E0FAF786FEDA
:10B1C800801B0228A5D82B685807F7D4236859E6AE
:10B1D80090077FF418AFE5E66B68226923F0FE4319
:10B1E80043EA02636B6023684CE601207047634AB8
:10B1F800216AD36823F07C5343EA0163D360236850
:10B2080076E6FAF763FE064605E0FAF75FFE801B6E
:10B2180002283FF67EAF2B689901F6D4A96A584BED
:10B22800A26A0B405749554E1343E26A43EA021398
:10B23800AB62D4E90D32013B013A5B0212049BB2C6
:10B2480002F4FE021343226B013AC2F308021343CD
:10B25800E26B013A120602F0FE4213432B63EB6ADB
:10B2680023F00103EB626A6BA36C114041EAC3014E
:10B278006963EB6A226C23F00C031343EB62EB6AFD
:10B28800626C23F002031343EB62EB6A43F48033EE
:10B29800EB62EB6A43F40033EB62EB6A43F480231E
:10B2A800EB62EB6A43F00103EB622B6843F08073B7
:10B2B8002B60FAF70BFE044605E0FAF707FE001BC1
:10B2C80002283FF626AF33689A01F6D562E60128D0
:10B2D800AA6A2E6B3FF45FAE02F00303A16A8B42A9
:10B2E8007FF4B6AEC2F30512E36A9A427FF4B0AEB9
:10B2F800236BC6F30802013B9A427FF4A9AE636B45
:10B30800C6F34622013B9A427FF4A2AEA36BC6F372
:10B318000642013B9A427FF49BAEE36BC6F3066696
:10B32800013B9E427FF494AE6B6BA26CC3F3CC03DB
:10B338009A423FF42FAE114AD36A23F00103D36235
:10B34800FAF7C4FD0546FAF7C1FDA842FBD00B4A3F
:10B358000020A16C0B4B546B234043EAC103536399
:10B36800D36A43F00103D362F8BD42F480221A6025
:10B378001A6842F480321A6070E500BF004402582F
:10B388000CFCFFFF0700FFFF1C4D41F288372B6FB5
:10B3980023F001032B672B6F23F004032B67FAF7C5
:10B3A80095FD064605E0FAF791FD801BB8423FF689
:10B3B800B0AE2B6F9807F6D4CFE5EB68226A23F07E
:10B3C8007C5343EA0263EB60236891E50B4A136FF1
:10B3D80043F0010313678CE6084A536823F0F843E7
:10B3E80043F080435360236882E542F004021A6701
:10B3F8001A6F42F001021A677BE600BF0044025848
:10B40800474A136903F03803102B04D0182B0DD0CA
:10B418001BB14448704744487047136899064AD599
:10B4280013684248C3F3C103D8407047936A30B4E5
:10B43800946AD56A14F47C7F516BC4F3051038D034
:10B44800C1F3CC0105F0010503F0030305FB01F18D
:10B45800012B07EE901AB8EEE77A02D0022B2CD017
:10B4680093B307EE900A9FED325AF8EEE77A136B22
:10B47800C5EE276ADFED2F5AC3F3080307EE903AAB
:10B48800B7EE006AF8EEE77AE7EE257A77EE867A85
:10B4980066EEA76A224B1B6BC3F34623013307EE04
:10B4A800903AB8EEE77AC6EE877AFCEEE77A17EEBE
:10B4B800900A30BC70471D48704707EE900A9FED10
:10B4C8001E5AF8EEE77AD2E713689B0620D514686F
:10B4D80007EE900A1549F7EE005A136BC4F3C1043E
:10B4E800F8EEE77A9FED135AC3F30803E14006EE3E
:10B4F800903A06EE101AF8EEE66AB8EEC66AE7EE7B
:10B50800056A86EE277A76EEA56A66EE876AC1E74F
:10B5180007EE900A9FED095AF8EEE77AA7E700BF11
:10B528000044025800093D000024F4000090D003B4
:10B538000024744A000000390024744B0024744C21
:10B54800002800F00C818C4A136803F00F038B422B
:10B558002DE9F04104460D460CD2136823F00F0381
:10B568000B431360136803F00F038B4202D00120D2
:10B57800BDE8F08123685F070BD5804920698A6997
:10B5880002F07002904204D98A6922F070020243E4
:10B598008A611E070BD579496069CA6902F0700291
:10B5A800904204D9CA6922F070020243CA61D806DF
:10B5B8000BD57249A069CA6902F4E062904204D9C5
:10B5C800CA6922F4E0620243CA6199060BD56B4945
:10B5D800E0690A6A02F07002904204D90A6A22F00D
:10B5E800700202430A629A0740F1AB806348E1683F
:10B5F800826902F00F02914204D9826922F00F0297
:10B608000A438261D80730D55C4AA168936923F45C
:10B6180070630B43936161681368022900F0A1808D
:10B62800032900F09880012900F0A18058079ED5D1
:10B63800524E41F28838336923F007030B433361D4
:10B64800FAF744FC074605E0FAF740FCC01B404502
:10B6580000F28B803369626803F03803B3EBC20FE2
:10B66800F2D12368990706D5E1684448826902F057
:10B678000F028A4269D840490A6802F00F02AA42BA
:10B688000AD90A6822F00F022A430A600A6802F0FF
:10B698000F02AA427FF46BAF5A070BD537492069CE
:10B6A8008A6902F07002904204D28A6922F070021C
:10B6B80002438A611F070BD530496069CA6902F0E5
:10B6C8007002904204D2CA6922F070020243CA6131
:10B6D800DE060BD52949A069CA6902F4E0629042E6
:10B6E80004D2CA6922F4E0620243CA619D060BD5FE
:10B6F800224AE169136A03F07003994204D2136A7B
:10B7080023F070030B431362FFF77AFE1B4A0346CC
:10B718001B4891699269C1F303211A4D02F00F0287
:10B72800194C415C825C01F01F01184802F01F02AD
:10B73800CB4000682B60D3402360BDE8F041FAF7A6
:10B7480063BBDA073FF560AF95E7826922F00F0225
:10B75800114381618FE79F013FF56AAF07E7012039
:10B7680070479B033FF564AF01E7032000E7DE0560
:10B778003FF55EAFFBE600BF0020005200440258D0
:10B78800602A0108480200244C02002454020024C4
:10B79800184A38B5136903F03803102B1AD0182B40
:10B7A80023D0CBB11448134B14499A699B69C2F34F
:10B7B8000322134C03F00F03124D8A5CCB5C02F09A
:10B7C8001F0220FA02F203F01F0022FA00F02A609A
:10B7D800206038BD0C48E6E713689B0608D5126858
:10B7E8000A48C2F3C102D040DDE7FFF777FADAE78B
:10B7F8000648D8E70044025800093D00602A0108BD
:10B808004C020024480200240024F4000090D003D5
:10B818001C4A38B5136903F03803102B21D0182BB4
:10B828002BD003B31848174A18499369184DC3F326
:10B838000323184CCB5C03F01F0320FA03F3906931
:10B8480000F00F002B60085C00F01F00C34023606D
:10B85800D269C2F30212885C00F01F0023FA00F0DC
:10B8680038BD0D48DFE713689B0609D510680B4BF8
:10B87800C0F3C10023FA00F0D5E7FFF72FFAD2E7AB
:10B888000648D0E70044025800093D00602A010834
:10B89800480200244C0200240024F4000090D00345
:10B8A8001C4A38B5136903F03803102B21D0182B24
:10B8B8002BD003B31848174A18499369184DC3F396
:10B8C8000323184CCB5C03F01F0320FA03F39069A1
:10B8D80000F00F002B60085C00F01F00C3402360DD
:10B8E800D269C2F30222885C00F01F0023FA00F03C
:10B8F80038BD0D48DFE713689B0609D510680B4B68
:10B90800C0F3C10023FA00F0D5E7FFF7E7F9D2E763
:10B918000648D0E70044025800093D00602A0108A3
:10B92800480200244C0200240024F4000090D003B4
:10B93800F8B53A4CA36A03F00303032B67D02368D6
:10B9480006460F4623F080632360FAF7BFFA0546E0
:10B9580004E0FAF7BBFA431B022B56D823681A01F6
:10B96800F7D4A36A326823F47C3343EA0233A36230
:10B97800D6E90232013B013A5B0212049BB202F49F
:10B98800FE0213437268013AC2F308021343326994
:10B99800013A120602F0FE421343A363E36A726996
:10B9A80023F0C0031343E362E26AB36922F0200282
:10B9B8001A431B4BE262E26A22F01002E262E16B78
:10B9C800F2690B4043EAC203E363E36A43F01003FE
:10B9D800E362E36AEFB1012F0CBF43F4801343F431
:10B9E8000013E3620D4C236843F080632360FAF789
:10B9F8006DFA054604E0FAF769FA401B022804D8F4
:10BA080023681B01F7D50020F8BD0320F8BD0120ED
:10BA1800F8BD43F40023E362E4E700BF00440258A2
:10BA28000700FFFFF8B53A4CA36A03F00303032BA2
:10BA380067D0236806460F4623F080532360FAF741
:10BA480045FA054604E0FAF741FA431B022B56D89B
:10BA580023689A00F7D4A36A326823F07C7343EA18
:10BA68000253A362D6E90232013B013A5B02120497
:10BA78009BB202F4FE0213437268013AC2F3080251
:10BA880013433269013A120602F0FE42134323645B
:10BA9800E36A726923F440631343E362E26AB369B9
:10BAA80022F400721A431B4BE262E26A22F48072AB
:10BAB800E262616CF2690B4043EAC2036364E36AC1
:10BAC80043F48073E362E36AEFB1012F0CBF43F4E0
:10BAD800000343F08073E3620D4C236843F0805306
:10BAE8002360FAF7F3F9054604E0FAF7EFF9401B8B
:10BAF800022804D823689B00F7D50020F8BD03204E
:10BB0800F8BD0120F8BD43F48003E362E4E700BF19
:10BB1800004402580700FFFF2DE9F843D0E900323E
:10BB280004461D0103F0006623D5816EB1F5001FA0
:10BB380000F04F8512D8002900F0A585B1F5801FC7
:10BB480040F09E8502210830FFF7F2FE0646002EDF
:10BB580040F01E85A16ED4E9003203E0B1F5401F24
:10BB680040F08E85AE4D0026286D20F4401001432C
:10BB78002965D8050AD5A16D042906D8DFE811F092
:10BB880032053905160510031003012635469905B7
:10BB98001DD5E16D802900F0128500F2F980002999
:10BBA80000F02084402940F0FA80002104F10800C8
:10BBB800FFF7BEFE0546D4E90032002D40F0EB83C6
:10BBC800974FE06D396D21F4E071014339655F05E8
:10BBD80021D5D4F8A810B1F5800F00F01D8500F22A
:10BBE800E180002900F00584B1F5001F40F0E280F3
:10BBF800002104F10800FFF79BFE0546D4E9003256
:10BC0800002D40F0CF83864FD4F8A800B96D21F4F9
:10BC180060010143B965180521D5D4F8AC10B1F11C
:10BC2800007F00F0B98400F2C880002900F0D483B6
:10BC3800B1F1807F40F0C980002104F10800FFF7CE
:10BC480077FE0546D4E90032002D40F0A283744FF8
:10BC5800D4F8AC00B96D21F0E0610143B9659901F0
:10BC680018D5E16C202900F01E8400F2B18039B1AA
:10BC7800102940F0B0806A48C16A41F40031C162BD
:10BC8800002D40F0D383664FE06CF96C21F0300151
:10BC98000143F964DF041FD5216EB1F5005F00F0A0
:10BCA800B18400F29B80002900F09083B1F5805F99
:10BCB80040F09C80002104F10800FFF739FE05469A
:10BCC800D4E90032002D40F06883554F206E396D5D
:10BCD80021F4E0410143396598041DD5616EB1F541
:10BCE800003F00F00F8400F2848059B1B1F5803F25
:10BCF80040F08780012104F10800FFF719FE05468E
:10BD0800D4E90032002D40F09B83454F606E396DB9
:10BD180021F4E0210143396559041DD5D4F8B01048
:10BD2800B1F1005F00F0FA836ED851B1B1F1805FD4
:10BD380072D1012104F10800FFF7FAFD0546D4E9A4
:10BD48000032002D40F08083354FD4F8B000B96D33
:10BD580021F0E0410143B9651F040DD5216FB1F110
:10BD6800805F00F0C783B1F1005F00F025820029F1
:10BD780000F02A8201263546D8015FD5A16C032937
:10BD880000F2BB84DFE811F05600E1034E005600D4
:10BD9800C0293FF412AFB1F5807F3FF40EAF012602
:10BDA800354614E7B1F5C00F3FF42AAFB1F5000FDF
:10BDB8003FF426AF012635462DE7B1F1407F3FF429
:10BDC80043AFB1F1806F3FF43FAF0126354646E7F8
:10BDD80030293FF455AF012635465BE7B1F5405FA2
:10BDE8003FF470AFB1F5804F3FF46CAF0126354694
:10BDF80072E721F48030B0F5802F83D0B1F5403F51
:10BE080080D00126354687E721F08050B0F1804F79
:10BE180097D0B1F1405F94D0012635469CE700BF2A
:10BE280000440258022104F10800FFF781FD05468D
:10BE3800D4E90032002D00F0FB822E46590200F1B1
:10BE48005A82D8072FD5E16F28292AD8DFE811F0C0
:10BE5800FA012900290029002900290029002900C0
:10BE680006042900290029002900290029002900A1
:10BE7800F2012900290029002900290029002900A8
:10BE8800FA01290029002900290029002900290090
:10BE9800FA01290029002900290029002900290080
:10BEA800FA0101263546990717D5A16F052900F231
:10BEB8002084DFE811F00E00BB0306000E000E0020
:10BEC8000E00012104F12800FFF7ACFD0546D4E976
:10BED8000032002D00F099822E465F0718D5D4F85D
:10BEE8009410052900F20D84DFE811F00E00AC0370
:10BEF80006000E000E000E00012104F12800FFF7D5
:10BF080091FD0546D4E90032002D00F086822E46C8
:10BF180098061FD5D4F89010B1F1005F00F009839E
:10BF280000F20B8159B1B1F1805F40F0108100211E
:10BF380004F10800FFF7FCFC0546D4E90032002DA7
:10BF480040F05F82A64FD4F89000796D21F0E0416F
:10BF58000143796559061FD5D4F89C10B1F5006FD7
:10BF680000F0B28200F2F68059B1B1F5806F40F06E
:10BF7800FB80002104F10800FFF7DAFC0546D4E94C
:10BF88000032002D40F06282954FD4F89C00B96DC4
:10BF980021F4E0510143B9651F061FD5D4F8A0105C
:10BFA800B1F5804F00F09B8200F2E18059B1B1F504
:10BFB800005F40F0E680002104F10800FFF7B8FCBC
:10BFC8000546D4E90032002D40F03C82844FD4F875
:10BFD800A000B96D21F460410143B96518070BD57C
:10BFE800D4F88400B0F5805F00F0B8827C4F796D9A
:10BFF80021F4405101437965D9060BD5D4F898004E
:10C00800B0F5807F00F0B782754FB96D21F44071AB
:10C018000143B9651F030ED5D4F8A410B1F5803FCC
:10C0280000F0F480B1F5003F00F0F880002900F03E
:10C038002E820126354658030FD5D4F88810B1F55D
:10C04800001F00F0CF80B1F5401F00F0D380B1F59C
:10C05800801F00F0148201263546D90309D5216DC9
:10C06800002900F00382B1F5803F00F09D81012690
:10C0780035469F0000F1F18098030CD5D4F8801064
:10C08800B1F5807F00F0EA817ED921F48070B0F5A7
:10C09800007F7BD00126D90206D55148656F016D16
:10C0A80021F0004129430165DF0007D54C48D4F849
:10C0B800B850016921F48041294301619D0206D5E8
:10C0C8004748E56E016D21F08071294301655800EC
:10C0D80009D54349086920F4004008610869D4F883
:10C0E800BC5028430861002B06DA3D48656DC16CD9
:10C0F80021F040512943C164190207D53849D4F8C1
:10C108008C004B6D23F4400303434B65D30700F1C8
:10C11800B080970700F1BA80550700F1C480100776
:10C1280000F1CE80D10600F1D880920600F1258179
:10C13800301E18BF0120BDE8F88321F08050B0F10F
:10C14800804F3FF4FCAEB1F1405F3FF4F8AE0126FA
:10C158003546FFE621F48060B0F5805F3FF411AF0B
:10C16800B1F5406F3FF40DAF0126354614E721F4D1
:10C178000050B0F5004F3FF426AFB1F5C04F3FF483
:10C1880022AF0126354629E7002983D1002D40F04A
:10C198006381134D686D20F44070014369657AE747
:10C1A8003546002D40F0FB800D4FA06D396D21F014
:10C1B800070101433965EAE4012104F10800FFF7AA
:10C1C800B7FB0546D4E90032002D40F01C81044F2E
:10C1D800206F396D21F0405101433965CCE500BF2E
:10C1E80000440258012104F12800FFF71BFC054612
:10C1F800D4E90032002D40F02D81B14FD4F88800E9
:10C20800796D21F440110143796526E7022104F193
:10C218002800FFF707FC0546D4E90032002D40F05E
:10C228001781A74FD4F8A400B96D21F44031014318
:10C23800B96500E7012104F12800FFF7F3FB054683
:10C24800D4E90032002D40F0DA809D4FE06F796D1F
:10C2580021F038010143796525E6022104F128001F
:10C26800FFF7E0FBD4E9003200283FF405AF0126D0
:10C2780002E7002104F10800FFF75AFB6268002872
:10C288003FF447AF970706467FF546AF012104F113
:10C298000800FFF74DFB626800283FF43DAF5507E3
:10C2A80006467FF53CAF022104F10800FFF740FB8A
:10C2B800626800283FF433AF064610077FF532AFB7
:10C2C800002104F12800FFF7ADFB626800283FF465
:10C2D80029AFD10606467FF528AF04F128050121CC
:10C2E8002846FFF79FFB002800F0DB8063689B0669
:10C2F8004CD5064643E0734F3B6843F480733B607C
:10C30800F9F7E4FD804606E0F9F7E0FDA0EB080048
:10C31800642800F2AF813B68DA05F5D5002D40F0BE
:10C32800E381674AD4F8B430116F594011F4407F63
:10C338000BD0116F106F21F4407140F480301067FA
:10C34800106F20F4803010671167B3F5807F00F01C
:10C35800AD8103F44072B2F5407F00F0BB815849CB
:10C368000A6922F47C520A615548C3F30B01076F2E
:10C378003943D4E90032016763E504F12805022155
:10C388002846FFF74FFB00283FF4D2AE0120BDE856
:10C39800F8832E4663E42E4619E42E469CE42E4686
:10C3A800FFF7F5BB2E4636E4022104F10800FFF73B
:10C3B800BFFA0546D4E90032002D5ED1404F206D0A
:10C3C800F96C21F480310143F96452E63C48C16AB2
:10C3D80041F40031C16275E43948C16A41F4003161
:10C3E800C16231E43648C16A41F40031C162FFF7E5
:10C3F800E4BB3348C16A41F40031C16200E42E460F
:10C4080051E52E46A6E52E46B6E42D4FA06F796D70
:10C4180021F00701014379655FE5294FD4F89400BD
:10C42800B96D21F007010143B96571E52E4631E484
:10C43800234FA06CF96C21F003010143F964FDE47A
:10C448002E4669E42E46C9E52E4685E42E46A3E528
:10C458002E46F0E52E4600E62E461CE6184FF86AF2
:10C4680040F40030F862002DF6D192E61448C16A13
:10C4780041F40031C162002DA0D02E46F9E51048E4
:10C48800C16A41F40031C162002DE3D1B5E604F17F
:10C498000800FFF74DFA0546D4E90032002DD7D140
:10C4A800BFE6626841E6022104F10800FFF740FA9E
:10C4B8000546D4E90032002DB8D1FFF7E4BB00BF30
:10C4C8000044025800480258022104F12800FFF7EE
:10C4D800A9FA0546D4E90032002DB7D154E5022166
:10C4E80004F12800FFF79EFA0546D4E90032002D32
:10C4F800A8D16BE58448C16A41F40031C162002DBE
:10C5080081D164E6012104F12800FFF78BFA054682
:10C51800D4E90032002D93D1FFF7F7BB012104F1D4
:10C528002800FFF77FFA0546D4E90032002D8BD1A9
:10C538000AE4022104F12800FFF774FA0546D4E959
:10C548000032002D7FF45DAFFCE46F48C16A41F40E
:10C558000031C162002D7FF470AC69E7022104F15B
:10C568002800FFF75FFA002840F09480D4F8840090
:10C57800D4E900323AE5022104F12800FFF752FA23
:10C58800002840F08D80D4F89800D4E900323BE5CB
:10C59800D4E90032FFF7EDBA002104F12800FFF7D3
:10C5A80041FA0546D4E90032FFF74EBB002104F1F9
:10C5B8002800FFF737FA0546D4E90032F1E50021F3
:10C5C80004F12800FFF72EFA0546D4E90032FFF7F8
:10C5D800F4BA02212830FFF725FA0646002E3FF468
:10C5E800B9AAD5E748483546C16A41F40031C16265
:10C5F800D7E5002104F10800FFF79AF90546D4E9C8
:10C608000032CEE5002104F12800FFF70BFA0546B9
:10C61800D4E90032FFF756BB002104F12800FFF7E8
:10C6280001FA0546D4E90032FFF7EABA012104F11C
:10C638000800FFF77DF90546D4E90032002D7FF4A4
:10C648004BACE2E6012104F10800FFF771F9054659
:10C65800D4E90032002D7FF45AACDEE6012104F162
:10C668000800FFF765F90546D4E90032002D7FF48C
:10C67800C6AEEAE50326D4E900323546FFF7E1BB4A
:10C688000126FFF776BA204DE86A40F40030E862E8
:10C69800FFF768BAD4F884000126D4E90032A5E48B
:10C6A800D4F898000126D4E90032ADE4F9F70EFC7D
:10C6B800DFF85480074641F2883904E0F9F706FCB0
:10C6C800C01B4845D6D8D8F870309B07F6D5D4F8A3
:10C6D800B4303EE60C480D4A016902EA131221F40F
:10C6E8007C510A4302613FE6D4E900322E46FFF747
:10C6F800A8BB01263546FFF7F0BB01263546FFF7F4
:10C708009DBB0126354603E400440258CFFFFF00D5
:10C7180008B5FFF73DF8054B054A1B6AC3F302133A
:10C72800D35C03F01F03D84008BD00BF0044025883
:10C73800602A0108584B70B4996A9D6ADE6A15F43C
:10C748007C3FC5F30532DC6B5CD0C4F3CC04C6F384
:10C75800001601F0030106FB04F4012907EE904AD4
:10C76800B8EEE77A03D0022975D000294FD007EE3A
:10C77800902ADFED4A6AF8EEE77A9B6B86EEA76AA5
:10C788009FED475AC3F3080306EE903AF7EE005AB6
:10C79800F8EEE66AE7EE056A76EEA56A66EE266AC0
:10C7A8003D4AB7EE006A936BC3F3462307EE103A8F
:10C7B800B8EEC77A70BC37EE067AC6EE877AFCEE1A
:10C7C800E77AC0ED007A936BC3F3064307EE103A9D
:10C7D800B8EEC77A37EE067AC6EE877AFCEEE77AC5
:10C7E800C0ED017A936BC3F3066307EE903AF8EE57
:10C7F800E77A77EE867A86EEA77ABCEEC77A80ED7E
:10C80800027A704770BCC0E90022826070471968DC
:10C81800890627D51C6807EE902A2249F7EE005AA8
:10C828009B6BC4F3C102F8EEE77A9FED1D5AC3F380
:10C838000803D14006EE903A06EE101AF8EEE66AC2
:10C84800B8EEC66AE7EE056A86EE277A76EEA56A3E
:10C8580066EE876AA4E707EE902ADFED136AF8EE22
:10C86800E77A8AE707EE902A9FED105A9B6BB7EE9E
:10C87800006AF8EEE77ADFED0A5AC3F30803C5EE5B
:10C88800276A07EE903AF8EEE77AE7EE257A77EE30
:10C89800867A66EEA76A83E7004402580024744A41
:10C8A800000000390090D0030024744B0024744C1D
:10C8B800584B70B4996A9D6ADE6A15F07C7FC5F39F
:10C8C80005525C6C5CD0C4F3CC04C6F3002601F0BE
:10C8D800030106FB04F4012907EE904AB8EEE77A53
:10C8E80003D0022975D000294FD007EE902ADFED3A
:10C8F8004A6AF8EEE77A1B6C86EEA76A9FED475AFC
:10C90800C3F3080306EE903AF7EE005AF8EEE66A2B
:10C91800E7EE056A76EEA56A66EE266A3D4AB7EE48
:10C92800006A136CC3F3462307EE103AB8EEC77AD1
:10C9380070BC37EE067AC6EE877AFCEEE77AC0ED71
:10C94800007A136CC3F3064307EE103AB8EEC77AC1
:10C9580037EE067AC6EE877AFCEEE77AC0ED017A02
:10C96800136CC3F3066307EE903AF8EEE77A77EEB6
:10C97800867A86EEA77ABCEEC77A80ED027A70478F
:10C9880070BCC0E90022826070471968890627D503
:10C998001C6807EE902A2249F7EE005A1B6CC4F374
:10C9A800C102F8EEE77A9FED1D5AC3F30803D140A0
:10C9B80006EE903A06EE101AF8EEE66AB8EEC66A87
:10C9C800E7EE056A86EE277A76EEA56A66EE876A4E
:10C9D800A4E707EE902ADFED136AF8EEE77A8AE714
:10C9E80007EE902A9FED105A1B6CB7EE006AF8EE1E
:10C9F800E77ADFED0A5AC3F30803C5EE276A07EEA4
:10CA0800903AF8EEE77AE7EE257A77EE867A66EEE0
:10CA1800A76A83E7004402580024744A00000039DA
:10CA28000090D0030024744B0024744C5C4B70B409
:10CA3800996A9D6ADE6A15F47C7FC5F305125C6B02
:10CA48005CD0C4F3CC0406F0010601F0030106FB38
:10CA580004F4012907EE904AB8EEE77A7ED002295D
:10CA680075D000294FD007EE902ADFED4E6AF8EE18
:10CA7800E77A1B6B86EEA76A9FED4B5AC3F3080350
:10CA880006EE903AF7EE005AF8EEE66AE7EE056A27
:10CA980076EEA56A66EE266A414AB7EE006A136B1F
:10CAA800C3F3462307EE103AB8EEC77A70BC37EEE8
:10CAB800067AC6EE877AFCEEE77AC0ED007A136B49
:10CAC800C3F3064307EE103AB8EEC77A37EE067A94
:10CAD800C6EE877AFCEEE77AC0ED017A136BC3F3F2
:10CAE800066307EE903AF8EEE77A77EE867A86EEF6
:10CAF800A77ABCEEC77A80ED027A704770BCC0E9AD
:10CB0800002282607047196889062ED51C6807EED6
:10CB1800902A2649F7EE005A1B6BC4F3C102F8EEBF
:10CB2800E77A9FED215AC3F30803D14006EE903A05
:10CB380006EE101AF8EEE66AB8EEC66AE7EE056A7F
:10CB480086EE277A76EEA56A66EE876AA4E707EE90
:10CB5800902ADFED176AF8EEE77A8AE707EE902A5F
:10CB6800DFED146AF8EEE77A83E707EE902A9FED87
:10CB78000D5A1B6BB7EE006AF8EEE77ADFED0A5A3A
:10CB8800C3F30803C5EE276A07EE903AF8EEE77A92
:10CB9800E7EE257A77EE867A66EEA76A7CE700BF2D
:10CBA800004402580024744C000000390090D0035F
:10CBB8000024744B0024744AA0F580730B4300B51D
:10CBC80085B000F08480A0F500730B4339D0A0F540
:10CBD80080630B4300F0E680A0F500630B4300F090
:10CBE8008980A0F580530B4361D0A0F500530B4317
:10CBF80000F01281A0F500230B4300F0A380A0F5FC
:10CC080080330B4300F0FA80A0F580430B4300F01B
:10CC18004381A0F5004050EA010337D1994A136DCA
:10CC280003F04053B3F1805F00F08380B3F1005FFD
:10CC380000F0568153BB106810F4003044D092487D
:10CC480042E0904A136D03F4E073802B00F0A58056
:10CC580020D9C02B37D0B3F5807F17D1D36C11689A
:10CC680003F04053490702D5002B00F0C180854AE4
:10CC78001268D00503D5B3F1805F00F00181814AC5
:10CC88001268910302D5B3F1005FD8D0002005B037
:10CC98005DF804FB002B4CD0402BF7D1106810F046
:10CCA800006011D001A8FFF745FD01980CE0754A16
:10CCB800136D03F4E043B3F5005F6ED037D9B3F5D5
:10CCC800405F40F08780714805B05DF804FB6D4B0C
:10CCD8001B6D03F00703042BD8D801A252F823F0E8
:10CCE8008BCD000867CD000877CD0008CFCC0008B1
:10CCF80073CD0008634A936D03F0E063B3F1007FDE
:10CD08004BD044D9B3F1407FDDD0B3F1806FBDD1B2
:10CD1800D36C126803F040535207A8D5002BA6D154
:10CD2800584B5B481B68C3F3C103D840CCE7002BC2
:10CD380054D1106810F00070C6D001A8FFF776FE35
:10CD48000298C1E74F4A936D03F44033B3F5803F2F
:10CD580000F0D080B3F5003FDAD0002B96D1494BD4
:10CD6800186810F00060AFD09CE7464A76E7454B5C
:10CD7800186810F00050A7D001A8FFF799FD019896
:10CD8800A2E7404B186810F000709DD0D5E7002B43
:10CD9800CFD0B3F1807F81D078E7106810F00050D1
:10CDA80092D0E9E7374A936D03F46003B3F5800F37
:10CDB800F3D006D8002BBCD0B3F5001F3FF46EAFFC
:10CDC80064E7B3F5C00F3FF47EAFB3F5000F3FF44F
:10CDD80045AF5BE7B3F5804F9AD057E7B3F5805F6F
:10CDE8003FF45CAF52E7106810F004003FF46CAFFA
:10CDF80013682748C3F3C103D84065E7214BDA6CB1
:10CE0800D203BFD5186810F000603FF45DAF01A8E9
:10CE1800FFF790FC039857E71A4A136D03F4E023D1
:10CE2800B3F5403FDFD010D8B3F5803F58D0B3F505
:10CE3800003F18D1134B186810F000503FF444AF6E
:10CE480001A8FFF735FD02983EE7B3F5802F12D011
:10CE5800B3F5A02F7FF41AAF0A4B186810F400300E
:10CE68003FF432AFEBE6002B7FF410AF05B05DF86E
:10CE780004EBFEF7CDBC106810F480703FF424AFCB
:10CE8800044821E7004402580024F4000080BB0055
:10CE98000090D00300093D00284B9B6D03F0E04350
:10CEA800B3F1405F37D014D8B3F1805F3FD0B3F10E
:10CEB800005FBFD0002B7FF4E9AEFEF769FC1F4B83
:10CEC8001F4A1B6AC3F30213D35C03F01F03D84045
:10CED800FAE6B3F1804F17D0B3F1A04FBCD0D5E636
:10CEE800106810F000603FF4EFAE01A8FFF722FCD5
:10CEF8000298E9E6106810F000503FF4E5AE01A88A
:10CF0800FFF7D6FC0398DFE60C4B186810F4807026
:10CF18003FF4DAAEB4E7094B186810F004003FF4A8
:10CF2800D3AE1B680748C3F3C103D840CCE6034B14
:10CF3800186810F000603FF4C7AED6E70044025806
:10CF4800602A01080090D003F8B501680546AB4B8C
:10CF580099421CD02033994219D003F5787399422D
:10CF68004ED0203399424BD003F57873994200F0A4
:10CF78002E812033994200F02A81A14B994200F07A
:10CF880028812033994200F024810120F8BD9D4E6C
:10CF980095F8913003F0FF02002B38D09A4B9B4A4A
:10CFA8001B68A2FB03230A681B0B22F480329B0038
:10CFB8000A60002B32D00C68013B14F48034F8D19D
:10CFC800022385F89130EB68012B00F04481022B95
:10CFD80015BF032023200227222715BF4FF0010C7D
:10CFE8004FF0210C00222022AB68013B042B00F2F9
:10CFF8006E81DFE813F0E1001C00E8001B00E4008C
:10D0080095F89130824E03F0FF02002BC6D12846D6
:10D0180085F89020F6F7C2FE2968BFE7D5F8943066
:10D02800012043F04003C5F89430F8BD3A464FF468
:10D0380000672B6A3260002B49D0704B994200F090
:10D048001F817448081AB0FA80F04009002840F09F
:10D058001781714B994200F021812033994200F0E9
:10D068001D816E4B994200F012812033994200F0E5
:10D078000E81634B994200F02181694B994200F07F
:10D088001781AB69B3F5002F00F0EB80AA6A00EBBB
:10D098008000696CB2F1806F4FEA4003286A0CBFC8
:10D0A8000222012200FB02F21202B3FBF2F35D4AF4
:10D0B800A2FB0302D20802EB8200A3EB4003092B78
:10D0C80008BF013204296A6201D152086A626B689A
:10D0D80033F002032B6D40F0B980012B14BF4FF4DD
:10D0E80000740024F8F70AFF696CB0F5005FD5E911
:10D0F800003242EA0102A96C42EA0102E96C42EA02
:10D108000102E96A42EA0102696942EA0102C0F0E1
:10D118009580A96918680A43A96A0A4342490140E7
:10D12800196029690A4319680A43696A42EA01527F
:10D138003E493A4322431A605A68286B1140EA690B
:10D148000243686B5960024359680A4338495A6078
:10D158009A6811406A6E9960E96D98680A43296E69
:10D168000A43696D01390A43A96D013942EA01226E
:10D1780002434FF220009A60D968AA6E0140D96034
:10D18800E96ED8680A43696F42EA0142296F01399A
:10D1980042EA0122194902438B42DA601BD0184A3D
:10D1A800934218D000230122C5F89430184685F818
:10D1B800912085F89030F8BD4FF4806739E7024632
:10D1C8004FF4006735E762464FF4006731E7194EC0
:10D1D800DEE6194EDCE6736C23F00103736495F800
:10D1E8003830012BDED1D5E90F23013A43EA021387
:10D1F8007364736C43F001037364D3E7045801400C
:10D208000454005800580140480200241BECCB95F8
:10D21800005C014024580140045C01400460014066
:10D2280024540058CDCCCCCC10C005F0F01FFFFF23
:10D238000080F8FF0060014000540058A969186890
:10D248000A43244901401960A96A6BE7012B08BF0A
:10D258004FF4007446E7132012274FF0110C1022E8
:10D26800C2E6696C042930D008291ED06A6D00EB2B
:10D2780080004300286A00FB02F2B3FBF2F316E7D2
:10D2880000214FF48070FFF797FC2968E1E6002140
:10D298004FF40070FFF790FC2968EAE600214FF48C
:10D2A8000070FFF789FC2968DBE64FF48072DEE73F
:10D2B80000214FF40060FFF77FFCE2E600214FF405
:10D2C8008060FFF779FC2968D7E64022CFE700277E
:10D2D800AFE600BF10C005F8022938B5044635D9B5
:10D2E800C81E012830D8002023676064E064E06528
:10D2F800A0664FF6FF706067606830F002000CBFF0
:10D308000125002504294FF4003125650CBF0120B3
:10D318000D2021664FF48021A0656166032A13D889
:10D32800DFE802F03E4F555C2368474A934205D038
:10D3380002F1C052A2F58232934205D16368012BF3
:10D3480002D1636C002B37D0012038BD0020236741
:10D358006064E064A066606830F0020014BF0120D9
:10D36800002020654FF48030E0654FF6FF7060675D
:10D3780013F00100E8D149B94FF48020C4E918102E
:10D38800032AE1D8DFE802F05546362C60664FF4F0
:10D3980000302066032AD7D8DFE802F04B3C2C2265
:10D3A80080211B014022A1646365E266F8F7A6FDAF
:10D3B80094F83830012BB7D02046BDE83840FFF745
:10D3C800C3BD80225B01A2646365E266EEE7C0210B
:10D3D8005B018022A1646365E266E7E7E021F7E785
:10D3E8005B08E02080219A01A0645B01E166C4E942
:10D3F8001523DBE75B08C022802502294FEA83104A
:10D40800A2644FEA4313E5666065A365CED108239D
:10D41800A366CBE75B08802202294FEA8310A26447
:10D428004FEA4313E266C4E91503BFD11023A3668C
:10D43800BCE75B08802040215A01A0641B01E1661B
:10D44800C4E91523B2E700BF045801402DE9F843A9
:10D458000F4604461546F8F739FD002F61D0B5FA96
:10D4680085F84FEA5818002D5BD094F89130012BBD
:10D478005FFA83F950D194F89030012B4CD0434691
:10D48800C4F894800646D4F8800065F30F03226838
:10D4980084F89090394665F31F43A7671C32E36709
:10D4A8002B46122584F891502E4DC0F85080056403
:10D4B8002D4DC5632D4DC564F9F7ACFD00283ED14F
:10D4C800636C082B636831D005216122023B012B74
:10D4D80098BF1146226813690B431361136843F41C
:10D4E8000033136006E0F8F7F1FC831BB3F57A7F8D
:10D4F8002AD82268556915F4E025F4D01368DB03AF
:10D5080003D4136843F4803313600023994684F8E6
:10D5180090304846BDE8F8834FF002094846BDE818
:10D52800F8834FF001094846BDE8F88323F002026A
:10D53800012A0BBF1521052171226122C6E7484641
:10D5480084F89080BDE8F883D4F894304FF003094C
:10D5580084F8905043F040034846C4F89430BDE83E
:10D56800F88300BFB5D600084DD6000835D70008A7
:10D57800F8B500294ED0B2FA82F513466D09002A93
:10D5880048D090F891200446012AD6B23FD190F8AD
:10D598009020012A3BD081670A462946222780F835
:10D5A800906063F30F01C0F8945063F31F41C167A3
:10D5B800D0F8840084F891701E4F216807641E4FCC
:10D5C8001C310565C7631D4FC764F9F723FD20BBF0
:10D5D800636C6268082B24D0052161202368023A15
:10D5E800012A98BF01461A690A431A611A6842F467
:10D5F80000321A601A68D20303D41A6842F48032DF
:10D608001A6000231E4684F890303046F8BD022682
:10D618003046F8BD01263046F8BD304684F89050B3
:10D62800F8BD22F00203012B0BBF15210521712043
:10D638006120D3E725D70008C1D6000835D70008F0
:10D64800704700BF08B5C369806BB3F5807F1BD0F6
:10D6580003684FF0000C416C1A680829A0F87EC0D6
:10D6680022F400321A60426811D06FF0610C6FF03A
:10D678000501023A012A98BF61461A694FF0010C68
:10D688000A401A6180F891C0FFF7DAFF08BD22F05E
:10D69800020101290BBF6FF0710C6FF0610C6FF084
:10D6A80015016FF00501E4E7704700BF806B08B50E
:10D6B800FFF7FAFF08BD00BF08B5C369806BB3F573
:10D6C800807F1BD003684FF0000C416C1A68082952
:10D6D80022F400321A604268A0F87EC011D06FF0C0
:10D6E800610C6FF00501023A012A98BF61461A6978
:10D6F8004FF0010C0A401A6180F891C0F6F754FC0B
:10D7080008BD22F0020101290BBF6FF0710C6FF008
:10D71800610C6FF015016FF00501E4E7806B08B547
:10D72800F6F706FC08BD00BF704700BF10B5846B54
:10D73800FAF7A4FB022823D0D4F89420216842F0F9
:10D748008002134B1348C4F894201B680A68A0FB96
:10D75800030322F400321B0B0A600A689B0022F4C0
:10D7680080320A606BB10A68013BD203FAD4012205
:10D778000023204684F89120A4F87E30FFF7D4FFD8
:10D7880010BDD4F8943043F04003C4F89430EEE769
:10D79800480200241BECCB9518B338B590F82C3010
:10D7A80004460D4603F0FF02B3B12146022384F874
:10D7B8002C3051F8040B01F0CFF862682946206834
:10D7C80001F008F9084A01210020136843F00043DA
:10D7D800136084F82C1038BD80F82D20F3F7CAFCAC
:10D7E800E3E70120704700BF0040005270B590F891
:10D7F8002C300446022BD8B204D000F0FB06012ED0
:10D8080001D0012070BD02230D46206884F82C3019
:10D8180001F02CF92B68022B03D0002084F82C602F
:10D8280070BD0523002084F82C3070BD38B590F801
:10D838002C300446022BD8B205D094F82C30012B9A
:10D84800DDB201D0012038BD0223206884F82C30D5
:10D8580001F024F9002084F82C5038BD70B5D0F8B8
:10D868008860202E31D171B3B2FA82F56D0952B3B6
:10D878002123A0F856200446C0F890500165A0F86E
:10D888005420C0F88830C06F60B105651346134D49
:10D898002268C563124D28320564124DC564F9F734
:10D8A800B9FBA0B922684023136202F1080353E8C8
:10D8B800003F43F0800302F1080040E800310029EE
:10D8C800F3D1002070BD012070BD022070BD10236F
:10D8D8000120C4F89030C4F8886070BDF1D8000801
:10D8E80039D9000845D9000808B5C369806BB3F574
:10D8F800807F18D000230268A0F8563002F1080390
:10D9080053E8003F23F0800302F1080040E80031AB
:10D918000029F3D152E8003F43F0400342E80031C8
:10D928000029F7D108BDF7F7C5FB08BD704700BF50
:10D93800806B08B5FFF7FAFF08BD00BF806B03686E
:10D94800D0F8881010B5D0F88C409A68120601D526
:10D9580021290DD09A68520601D5222C23D0D0F85F
:10D96800903043F01003C0F89030F7F739FC10BD41
:10D978000022A0F8562053E8002F22F0C00243E806
:10D9880000210029F7D103F1080252E8002F22F400
:10D99800000203F1080C4CE800210029F3D12022F1
:10D9A800C0F88820D6E70022A0F85E2053E8002FB0
:10D9B80022F4907243E800210029F7D1134C03F1B7
:10D9C800080252E8002F224003F1080C4CE800211D
:10D9D8000029F4D1C26E012A06D000232022436711
:10D9E800C0F88C20C366BAE753E8002F22F0100273
:10D9F80043E800210029F0D053E8002F22F010025C
:10DA080043E800210029EFD1E7E700BFFEFFFFEF61
:10DA180008B5806B0023A0F85E30A0F85630F7F701
:10DA2800DFFB08BD704700BF036840F60F0CDA69DA
:10DA380012EA0C0F70B51D680446996800F0218140
:10DA4800B14EB24805EA060C08405CEA000640F010
:10DA58008980E06E012822D0D00202D54E0200F162
:10DA68003981100606D501F4000105F08000014354
:10DA780040F02881510667D56E0665D553E8002F1A
:10DA880022F0400243E800210029F7D12022002398
:10DA98002046C4F88820A367F7F70CFB70BDD006B2
:10DAA800DAD5EE06D8D510221A629A68550640F1E2
:10DAB8003C81D4F8800001684A6892B2002AEDD00F
:10DAC800B4F85C109142E9D9A4F85E20C269B2F5B5
:10DAD800807F2FD053E8002F22F4807243E8002182
:10DAE8000029F7D103F1080252E8002F22F00102C1
:10DAF80003F1080545E800210029F3D103F10802E4
:10DB080052E8002F22F0400203F1080545E8002101
:10DB18000029F3D12022C4F88C20E16653E8002FB5
:10DB280022F0100243E800210029F7D1F9F714FC8C
:10DB3800B4F85C10022320462367B4F85E30C91A93
:10DB480089B2FFF76FFF70BD100202D5690000F1BE
:10DB5800E780D301A2D5002DA0DA2046BDE87040A9
:10DB680000F054BED60709D5EE0507D501261E627A
:10DB7800D4F8906046F00106C4F89060960740F12A
:10DB88009280CE070AD502261E62D4F8906046F02D
:10DB98000406C4F89060560700F18B8016070BD571
:10DBA80005F02006304307D008201862D4F890000A
:10DBB80040F00800C4F8900016050AD5680108D599
:10DBC8004FF400601862D4F8900040F02000C4F8C8
:10DBD8009000D4F8900000283FF460AF96060BD56B
:10DBE80005F0200501F0805155EA010204D0626F6A
:10DBF80012B1204690472368D4F890509A6805F0EF
:10DC0800280502F04002154300F0C58053E8002FB4
:10DC180022F4907243E800210029F7D13C4803F12F
:10DC2800080252E8002F024003F1080545E80021E8
:10DC38000029F4D1E26E012A54D000222021C4F830
:10DC48008C10E266996862674D0665D503F1080293
:10DC580052E8002F22F0400203F1080040E80021BA
:10DC68000029F3D1D4F88000002855D0294B03654A
:10DC7800F9F7EAFC00283FF411AFD4F88000036DEF
:10DC88000EE096067FF5E5AE05F0200601F0805C13
:10DC980056EA0C063FF4DDAE436F002B3FF4FEAEB0
:10DCA800BDE87040184756077FF578AFCE077FF577
:10DCB80075AF04261E62D4F8906046F00206C4F8D8
:10DCC80090606BE7A36F002B3FF4E8AE2046BDE8F9
:10DCD800704018474FF4801220461A62BDE8704021
:10DCE80000F092BD53E8002F22F0100243E8002113
:10DCF8000029A2D053E8002F22F0100243E80021A7
:10DD08000029EFD199E700BF2001000401000010AD
:10DD1800FEFFFFEF19DA00082046F7F761FA70BD39
:10DD28002046BDE8704000F073BDB4F85E00B4F85A
:10DD38005C10B4F85E20091A92B289B2002A3FF446
:10DD4800ADAE00293FF4AAAE53E8002F22F490723A
:10DD580043E800200028F7D1124D03F1080252E8E9
:10DD6800002F2A4003F1080646E800200028F4D1D5
:10DD780020226067C4F88C20E06653E8002F22F068
:10DD8800100243E800200028F7D102232046236729
:10DD9800FFF748FE70BD2046F7F722FAC4F8905006
:10DDA80070BD00BFFEFFFFEF806B08B5012303675E
:10DDB800C36E012B02D0F7F7CBF908BDB0F85C10A1
:10DDC8004908FFF72FFE08BD08B5C369806BB3F596
:10DDD800807F29D000220368A0F85E2053E8002F36
:10DDE80022F4807243E800210029F7D103F10802E8
:10DDF80052E8002F22F0010203F1080C4CE8002140
:10DE08000029F3D103F1080252E8002F22F0400262
:10DE180003F1080C4CE800210029F3D12022C0F8B6
:10DE28008C20C26E012A07D000230367C36E012B22
:10DE380013D0F7F743F908BD53E8002F22F010027A
:10DE480043E800210029EFD053E8002F22F0100208
:10DE580043E800210029EFD1E6E7B0F85C10FFF7AE
:10DE6800E1FD08BDD0F88820D0F88C001043704739
:10DE78000169826803680A43C04930B545690446A8
:10DE8800C06987B02A431D6802432940BC4D0A4334
:10DE9800E168AB421A605A6822F4405242EA010231
:10DEA800A1695A6000F0E080226A9D681143B54A72
:10DEB8002A40656A11439960DA6A22F00F022A4300
:10DEC800DA62B14A934223D0B04A934276D0B04A3C
:10DED800934200F08F81AF4A934200F0E181AE4A4D
:10DEE800934200F02181AD4A934200F0E381AC4AAD
:10DEF800934200F03482AB4A934200F0E78101205C
:10DF080000234FF001126367A266A36707B030BD14
:10DF1800A54B5B6D03F03803282BF0D8A34AD35CDC
:10DF2800B0F5004F55D0202B00F24A81202BE6D8BF
:10DF380001A252F823F000BF7FE1000879E1000850
:10DF480007DF000807DF000869E1000807DF0008AD
:10DF580007DF000807DF00085BE1000807DF0008AB
:10DF680007DF000807DF000807DF000807DF0008F1
:10DF780007DF000807DF000845E1000807DF0008A1
:10DF880007DF000807DF000807DF000807DF0008D1
:10DF980007DF000807DF000807DF000807DF0008C1
:10DFA80007DF000807DF000807DF000807DF0008B1
:10DFB80007DF000807DF0008E9E200087A4B5B6D1D
:10DFC80003F00703052B9AD8794AB0F5004FD35CC4
:10DFD800A9D1202B00F24581202B90D801A252F81C
:10DFE80023F000BF53E300084DE3000807DF0008F3
:10DFF80007DF000859E3000807DF000807DF00080B
:10E0080007DF00083BE3000807DF000807DF000818
:10E0180007DF000807DF000807DF000807DF000840
:10E0280007DF000827E3000807DF000807DF00080C
:10E0380007DF000807DF000807DF000807DF000820
:10E0480007DF000807DF000807DF000807DF000810
:10E0580007DF000807DF000807DF000807DF000800
:10E0680007DF000863E300089868464A02404E4804
:10E078000A439A60DA6A616A22F00F020A43DA6296
:10E08800836D03F00703052B3FF639AF494AD35C8C
:10E09800202B00F2B980012B7FF631AF023B1E2BFB
:10E0A8003FF62DAF01A252F823F000BF1DE3000890
:10E0B80007DF000813E3000807DF000807DF000890
:10E0C80007DF000801E3000807DF000807DF000892
:10E0D80007DF000807DF000807DF000807DF000880
:10E0E80007DF0008EDE2000807DF000807DF000887
:10E0F80007DF000807DF000807DF000807DF000860
:10E1080007DF000807DF000807DF000807DF00084F
:10E1180007DF000807DF000807DF000807DF00083F
:10E1280007DF000823E300081F4B5B6D03F00703BC
:10E13800052B3FF6E4AE204AD35CF1E61A4B1A6889
:10E14800920640F1C1801B681C48C3F3C103D84044
:10E158003BE003A8FEF7ACFB049838B90020CFE6F3
:10E168006846FEF7E7FA01980028F7D0656A2CE0C0
:10E17800FDF796FBF1E7FDF74BFBEEE7F369FFCF01
:10E18800000C0058FFF4FF1100100140004400404B
:10E1980000480040004C004000500040001401407E
:10E1A80000780040007C004000440258E02A010842
:10E1B8000C2B0108142B01080C2B01080090D0032C
:10E1C800402B7FF49CAE4FF400406C4B4FF6EF7140
:10E1D800626833F81530B0FBF3F303EB5203B3FB7B
:10E1E800F2F3A3F110028A423FF689AE22680020BA
:10E1F800D36085E6624B5B6D03F00703052B3FF6A2
:10E208007EAE604AD35C8BE6402B7FF478AE4FF449
:10E2180000405A4B656833F8112005EB4501B0FB07
:10E22800F2F399423FF66BAEB3EB053F3FF667AEAC
:10E2380000231946F2F74CF82A460902030241EA7C
:10E248001061680818184FF0000341F10001F2F757
:10E258003FF84D4AA0F54071034691423FF64FAE54
:10E26800C4E7402B7FF44BAE444B626833F815107B
:10E278005308B0FBF1F003EB40004FF6EF73B0FB2F
:10E28800F2F0A0F110029A423FF639AE20F00F03E7
:10E29800C0F3420022689BB203430020D3602FE6FC
:10E2A800374B5B6D03F00703052B3FF628AE374A63
:10E2B800D35C35E6324B5B6D03F03803282B3FF611
:10E2C8001EAE334AD35C2BE632487EE72C4B5B6D9F
:10E2D80003F00703052B3FF612AE2F4AD35C1FE667
:10E2E8002E4872E7264B1A68900642D51B682948C3
:10E2F800C3F3C103D8408CE703A8FEF7D9FA049802
:10E3080000283FF42BAF616A83E76846FEF712FAEC
:10E318000198F5E7FEF7FCF9F2E7204879E7184B92
:10E328001A68910627D51B681A48C3F3C103D84059
:10E338009AE703A8FEF7BCFA049800283FF40EAF4A
:10E34800656A91E7FDF7ACFAF7E7FDF761FAF4E7DC
:10E358006846FEF7EFF90198EFE7104884E7084BA5
:10E368005B6D03F00703052B3FF6C9AD0C4AD35C80
:10E37800D6E508484DE7074876E700BF1C2B01089B
:10E38800004402580C2B0108FFFC0F000C2B01085D
:10E39800E02A01080090D0030C2B010800093D0079
:10E3A8000C2B0108836A1A0710B406D50168846B20
:10E3B8004A6822F4004222434A60DC0706D5016815
:10E3C800C46A4A6822F4003222434A60990706D593
:10E3D8000168046B4A6822F4803222434A605A0773
:10E3E80006D50168446B4A6822F4802222434A60B9
:10E3F800DC0606D50168C46B8A6822F48052224381
:10E408008A60990606D50168046C8A6822F400526D
:10E4180022438A605A060AD50168446C4A68B4F5F2
:10E42800801F22F4801242EA04024A600BD01B06C5
:10E4380006D50268C16C536823F400230B4353606C
:10E448005DF8044B70474A68846C22F4C00222438A
:10E458004A60ECE738B500230446C0F89030F7F777
:10E4680035FD2268054613681B070ED41368590743
:10E4780032D4002320221846C4F8882084F8843037
:10E48800C4F88C20E366236738BDD3699802EDD4BD
:10E498000CE019681A46490705D5D96908074FD409
:10E4A800D96909057AD4DB699802DFD4F7F70EFD3C
:10E4B800431BB3F1007F2368EBD353E8002F22F00E
:10E4C800800243E800210029F7D12023032084F8A3
:10E4D8008410C4F8883038BDD3695B02C9D40DE014
:10E4E8001A68500707D5DA69110700F18580DA69DB
:10E4F800120500F1AF80DB695B02BAD4F7F7E6FCDE
:10E50800431BB3F1007F2368EAD353E8002F22F4BA
:10E51800907243E800210029F7D103F1080252E87C
:10E52800002F22F0010203F1080040E80021002931
:10E53800F3D12023032084F88410C4F88C3038BD2C
:10E5480008221A6253E8002F22F4907243E800214F
:10E558000029F7D1564803F1080252E8002F02407B
:10E5680003F1080545E800210029F4D1E26E012AEB
:10E578000BD0002220200821C4F88C006267E266D4
:10E5880084F88420C4F8901097E753E8002F22F00D
:10E59800100243E800210029F7D1EAE74FF40062AE
:10E5A8001A6253E8002F22F4907243E800210029F0
:10E5B800F7D13F4803F1080252E8002F024003F167
:10E5C800080545E800210029F4D1E26E012A0AD0A5
:10E5D800002220216267C4F88C1084F88420E26647
:10E5E800C4F8901069E753E8002F22F0100243E8BE
:10E5F80000210029F7D1EBE708221A6253E8002F1F
:10E6080022F4907243E800210029F7D1284803F149
:10E61800080252E8002F024003F1080545E80021EE
:10E628000029F4D1E26E012A0BD000222020082113
:10E63800C4F88C006267E26684F88420C4F89010FD
:10E6480063E753E8002F22F0100243E80021002975
:10E65800F7D1EAE74FF400621A6253E8002F22F478
:10E66800907243E800210029F7D1114803F108020C
:10E6780052E8002F024003F1080545E8002100296F
:10E68800F4D1E26E012A0AD0002220216267C4F880
:10E698008C1084F88420E266C4F8901035E753E8BB
:10E6A800002F22F0100243E800210029F7D1EBE700
:10E6B800FEFFFFEF80B3D0F8883010B5044633B3BF
:10E6C80022682423A16AC4F88830136823F0010360
:10E6D8001360C1B92046FFF7CBFB012811D023688E
:10E6E80020465A6822F490425A609A6822F02A0218
:10E6F8009A601A6842F00102BDE810401A60FFF7FC
:10E70800A9BE012010BD2046FFF74CFEE2E780F8C5
:10E718008430F6F7D1F8D3E70120704738B50446BE
:10E7280000232220C4F89030C4F88C00D4F880006C
:10E73800A165A4F85C2070B12568036513460A46F4
:10E7480005F124011B4DC5631B4D05641B4DC564B4
:10E75800F8F760FC28BB23694BB1236853E8002F06
:10E7680042F4807243E800210029F7D100E02368D1
:10E7780003F1080252E8002F42F0010203F10800F9
:10E7880040E800210029F3D103F1080252E8002FE4
:10E7980042F0400203F1080141E800200028F3D1CB
:10E7A80038BD102220230120C4F89020C4F88C30F2
:10E7B80038BD00BFD1DD0008B1DD000845D900082B
:10E7C800D0F88C30202B1AD1B9B1B2FA82F35B0998
:10E7D8009AB130B40468C3660A4B9C420AD0636895
:10E7E8001B0207D554E8003F43F0806344E8003536
:10E7F800002DF7D130BCFFF791BF012070470220F0
:10E80800704700BF000C0058704700BF704700BF3A
:10E81800704700BF90F88420012A17D00268034689
:10E828002420002130B4C3F888002025106814681B
:10E8380020F0005024F00104146059661060084666
:10E84800C3F8885083F8841030BC704702207047A2
:10E8580090F88420012A37D002680346242030B576
:10E86800C3F888001468106820F0010010609068F0
:10E8780020F060400143586E916010B39168906831
:10E88800C1F3426C11494FEA507E114D11F80E0048
:10E8980011F80C1015F80EE0000115F80C500901DC
:10E8A800B0FBFEF0B1FBF5F1A3F8681020250021BC
:10E8B800A3F86A0014600846C3F8885083F88410E7
:10E8C80030BD01210846EFE7022070473C2B0108C4
:10E8D800342B010890F88420012A37D002680346B7
:10E8E800242030B5C3F888001468106820F00100AF
:10E8F8001060906820F060600143586E916010B31A
:10E9080091689068C1F3426C11494FEA507E114DED
:10E9180011F80E0011F80C1015F80EE0000115F8AA
:10E928000C500901B0FBFEF0B1FBF5F1A3F868103B
:10E9380020250021A3F86A0014600846C3F888500F
:10E9480083F8841030BD01210846EFE702207047A4
:10E958003C2B0108342B01080B6810B4D3B90468A8
:10E96800A3F500434A6823401343D1E902422343F5
:10E978001343D1E9044223431343D1E90642234315
:10E988001343D1E9084223435DF8044B1343036062
:10E99800002070470268D1E9074322F4F842224375
:10E9A8004C6A1A430A4B2243026042681340D1E979
:10E9B800014223431343D1E9034223431343D1E9DB
:10E9C800054223435DF8044B13434360002070471E
:10E9D8000080FFFF30B40ABB8368D1E9002403F04C
:10E9E8007043013C013A43EA04131343D1E902247A
:10E9F800013A013C43EA022343EA0432D1E90434F0
:10EA08008969013B013C013942EA034343EA045363
:10EA180043EA016330BC8360002070478268CC6899
:10EA2800114B013C13404A6943EA0433541E43EA3C
:10EA38000454D1E900258460C3686C1E013A03F0D0
:10EA4800704343EA04130C691A438B68013C8969D3
:10EA5800013B013942EA032343EA044343EA0163E1
:10EA680030BCC36000207047FF0F0FFF10B4D1E91E
:10EA78000034024600692343D1E9021443EA4423DF
:10EA8800054C01390440002023435DF8044B43EA58
:10EA980041131361704700BF0000C0FF0246054BD9
:10EAA800002010B4546923405DF8044B43EA410147
:10EAB8005161704701C0FFFF022A03460BD04FF493
:10EAC800105CD968002021F47051D960DA6842EAF4
:10EAD8000C02DA607047234A23480A4482422CD940
:10EAE800224A23480A4482422AD9224A22480A440E
:10EAF800824228D9214A22480A44824226D3214AFE
:10EB080021480A44824224D9204A21480A448242A0
:10EB180022D3204A20480A448242D0D31F4A2048A0
:10EB28000A4482421BD31F4A1F480A44824234BF08
:10EB38004FF4E05C4FF4C05CC3E74FF4705CC0E78F
:10EB48004FF4605CBDE74FF4505CBAE74FF4405CAB
:10EB5800B7E74FF4305CB4E74FF4205CB1E74FF40B
:10EB6800005CAEE7405327FFFF340C00401E1BFF3C
:10EB78003F420F0000DC0BFF7F4F1200808CF9FE34
:10EB880020D6130060B6E5FE5FE3160000D3CEFE84
:10EB980040771B00C05BB3FEC091210000CA91FE04
:10EBA80020753800E05459FEE09C410082B00023F3
:10EBB800124A019302E00369002B08DB019B013331
:10EBC8000193019B9342F6D9032002B07047890153
:10EBD80000230A4A41F020010193016103E003691F
:10EBE80013F0200306D0019B01330193019B93424C
:10EBF800F5D9E9E7184602B0704700BF400D030099
:10EC080082B00023114A019302E00369002B08DB5C
:10EC1800019B01330193019B9342F6D9032002B073
:10EC2800704700211023094A0191036103E0036939
:10EC380013F0100306D0019B01330193019B93420B
:10EC4800F5D9EBE7184602B0704700BF400D030046
:10EC5800D0F8083813F0060004D013F0020F14BFE0
:10EC680002200F20704700BF30B44B780A78012B80
:10EC780020D002F00F0C4FF48033D0F81C4800EB82
:10EC8800421203FA0CF32343C0F81C38D2F8003BB5
:10EC98001B040CD48B68D2F8004BC3F30A03087921
:10ECA8001449234343EA80431943C2F8001B002058
:10ECB80030BC704700F5006402F00F0500EB42100D
:10ECC800AB40E5692B43E361D0F800391C04EED46E
:10ECD8008B68D0F80059C3F30A030C7905492B4314
:10ECE80043EA844343EA8252114330BCC0F8001916
:10ECF80000207047008000102DE9F0414B780C7817
:10ED0800012B45D000EB44139A4E9B4DD3F8107B52
:10ED180003F5306C3E40C3F8106BD3F8106B3540E8
:10ED2800C3F8105B7CBB0C69002C40F093808C68A6
:10ED38000C62DCF81050C4F31204012A44EA0504FA
:10ED4800CCF81040DCF8104044F40024CCF8104013
:10ED580000F0A1800A79012A0CD1D0F8082812F411
:10ED6800807FD3F8002B0CBF42F0005242F0805253
:10ED7800C3F8002BD3F8002B002042F00442C3F85C
:10ED8800002BBDE8F0810C69002C66D18C68D0E7B7
:10ED98000B6900EB44162BBBD6F810C9012A764F35
:10EDA800744D0CEA0707C6F81079D6F8107947F4BD
:10EDB8000027C6F81079D6F8107905EA0705C6F8CD
:10EDC800105906F510650F7900F0B180D6F800C922
:10EDD800012F4CF0044CC6F800C900F088800020D0
:10EDE800BDE8F081D6F810C9624F634D0CEA0707F9
:10EDF800C6F81079D6F810793D40C6F8105906F5CE
:10EE08001065002C4ED18F68BB4200F2A0802F699C
:10EE180047F400272F61D5F810C0C3F3120747EA5B
:10EE28000C072F610F79012F4DD0012A00F08A803D
:10EE3800D6F8002942F00442C6F80029002BCED0AB
:10EE480004F00F020124D0F8343894401C43C0F871
:10EE58003448C4E78C680C616AE78D68012A474E1C
:10EE68002C4404F1FF34B4FBF5F4A4B204FB05F51B
:10EE780006EAC444DCF810600D62C5F3120544EAE2
:10EE88000604CCF81040DCF8104045EA0405CCF83C
:10EE980010507FF45FAFCA68002A3FF45BAFCCF82C
:10EEA800142057E7D1F808E0344F03EB0E0CD5F8DF
:10EEB80010800CF1FF3CBCFBFEFC07EACC4747EA9C
:10EEC80008072F61A7E7D5F810C0012A2CF0C04C1D
:10EED800C5F810C0D5F810C04CF0005CC5F810C0DB
:10EEE80038D0D6F8007947F00447C6F80079D0F84A
:10EEF800086816F4807F2E680CBF46F0005646F06E
:10EF080080562E60002A7FF46AAF9BB203339A08BA
:10EF18003FF465AFCB6800EB043003EB820100F5EA
:10EF2800805053F8042B8B420260FAD157E7CB6923
:10EF38005BB9012F11D02B68002043F004432B60EC
:10EF4800BDE8F081CB69002BF5D06B61F1E73B465A
:10EF58000F615CE7CB69002BF7D1D0F8083813F4C0
:10EF6800807F2B680CBF43F0005343F080532B6025
:10EF7800E1E700BF0000F8FFFFFF07E00000F81F0F
:10EF8800002382B001934B78012B0B7820D000F539
:10EF9800306000EB43100368002B02DB002002B056
:10EFA8007047036842F2107243F00063036003681D
:10EFB80043F08043036002E00368002BEEDA019B14
:10EFC80001330193019B9342F6D9012002B07047A7
:10EFD80000F5106000EB43131A68002ADEDA1A689D
:10EFE80042F2107142F000621A601A6842F08042E0
:10EFF8001A6002E01A68002AD0DA019A01320192F6
:10F00800019A8A42F6D9E0E710B49DF8044064B941
:10F0180003339B0809D0013201EB830300EB023074
:10F0280051F8042B8B420260FAD100205DF8044BA2
:10F03800704700BF5FEA920C70B5054602F0030600
:10F048001CD000F5805E0A4600230133DEF800403C
:10F058009C4542F8044BF8D101EB8C006EB105F5E4
:10F068008055731E2A689BB202702BB1110A012BBE
:10F07800417001D0120C8270304470BD0846EDE733
:10F088004A780B78012A00EB43100CD0D0F8002BFB
:10F098000BB1002A14DAD0F8003B43F40013C0F88F
:10F0A800003B00207047D0F80029002A00DB73B924
:10F0B800D0F8003943F40013C0F800390020704735
:10F0C800D0F8003B23F08043C0F8003BE3E7D0F8DA
:10F0D800003923F08043C0F80039D0F8003943F4F0
:10F0E8000013C0F80039E9E74A780B78012A00EBE9
:10F0F800431013D0D0F8003B23F40013C0F8003BB2
:10F108000B79023B012B01D900207047D0F8003B56
:10F1180043F08053C0F8003B00207047D0F8003916
:10F1280023F40013C0F800390B79023B012BEBD80C
:10F13800D0F8003943F08053C0F8003900207047F8
:10F14800034609010020D3F8002801F4FE6122F4E7
:10F15800FE62C3F80028D3F800281143C3F800184A
:10F16800704700BF426980691040704700EB411149
:10F17800D1F80805D1F80C3518407047D0F8183880
:10F18800D0F81C081840000C704700BFD0F8183899
:10F19800D0F81C08184080B2704700BF00EB41113E
:10F1A80000F50060D1F8082B40691040704700BF97
:10F1B800D0F81028D0F8343800EB411001F00F01D6
:10F1C800D0F80809CB40DB01DBB213431840704785
:10F1D800406900F0010070470346094A002003F522
:10F1E800006110B4D3F8004922405DF8044BC3F81D
:10F1F8000029D3F8043843F480734B60704700BF8C
:10F2080000F8FFFF144B10B4046C9C421AD800F5A8
:10F218003060002301290361036943F4002303617B
:10F22800036943F018030361036943F0C0430361B2
:10F2380004D14261036843F08023036000205DF835
:10F24800044B7047D0F8003B00F53060002BE0DA43
:10F2580000205DF8044B70470A30544FD0F8002462
:10F2680001F00303012900F5806C22F00302C0F8C5
:10F278000024D0F8002443EA0203C0F8003409D07F
:10F28800022905D141F270730020CCF80430704790
:10F29800012070474BF680330020CCF804307047CB
:10F2A800D0F8140480B2704700EB4111002310B469
:10F2B80083B001F5A06C0193D1F80035D1F8004571
:10F2C80082689B0C920601D5002C25DA13F0010FF9
:10F2D800D1F8003543F08043C1F8003521D0D0F88B
:10F2E800103413F47F0FD1F800353AD123F00043DE
:10F2F800C1F80035D1F8003543F00043C1F80035B6
:10F3080003E0DCF80030002B06DA019B013301939F
:10F31800019BB3F57A7FF4D9002003B05DF8044B64
:10F32800704783689B0625D4C36A13F47F0FD1F80E
:10F33800003516D123F00043C1F80035D1F8003567
:10F3480043F00043C1F8003503E0DCF80030002B3F
:10F35800E2DA019B01330193019BB3F57A7FF4D97B
:10F36800DAE743F000430020C1F8003503B05DF848
:10F37800044B7047D1F80035002043F00043C1F832
:10F38800003503B05DF8044B704700BF10B400248B
:10F3980085B0764A01460194836823F001038360AF
:10F3A800029403E00B69002BC0F2BB80029B01337F
:10F3B8000293029B9342F5D9012000236B4A0393E1
:10F3C80003E00B69002BC0F2BF80039B013303935A
:10F3D800039B9342F5D90120D1F8003501F5A062CD
:10F3E80001F5E06C23F0802343F08043C1F8003539
:10F3F800D1F8203523F0802343F08043C1F820352D
:10F40800D1F8403523F0802343F08043C1F84035DC
:10F41800D1F8603523F0802343F08043C1F860358C
:10F42800D1F8803523F0802343F08043C1F880353C
:10F43800D1F8A03523F0802343F08043C1F8A035EC
:10F44800D1F8C03523F0802343F08043C1F8C0359C
:10F45800D1F8E03523F0802343F08043C1F8E0354C
:10F46800D1F8003623F0802343F08043C1F80036FA
:10F47800D1F8203623F0802343F08043C1F82036AA
:10F48800D1F8403623F0802343F08043C1F840365A
:10F49800D1F8603623F0802343F08043C1F860360A
:10F4A800D1F8803623F0802343F08043C1F88036BA
:10F4B800D1F8A03623F0802343F08043C1F8A0366A
:10F4C800D1F8C03623F0802343F08043C1F8C0361A
:10F4D800D1F8E03623F0802343F08043C1F8E036CA
:10F4E800136823F4004343F04043136002E01368B9
:10F4F800002B06DA019B01330193019BB3F57A7F58
:10F50800F5D920326245EBD14FF0FF33C1F81434FE
:10F518004B618B6843F001038B6005B05DF8044BC9
:10F52800704700204FF48463104A02900B6104E096
:10F53800086910F020003FF440AF029B01330293AA
:10F54800029B9342F4D937E700241023074A039417
:10F558000B6103E00B69DB067FF53EAF039B0133CC
:10F568000393039B9342F5D935E700BF400D030091
:10F57800D0F8B8320BB11B6818471846704700BF5F
:10F5880008B5D0F8B8325B689847002818BF032040
:10F5980008BD00BF38B500F2AA250446284600F089
:10F5A8001DFCB4F8B03294F8AA120122C4F89832BB
:10F5B80001F01F03C4F89422934209D0022B13D000
:10F5C80063B1204601F08001BDE83840F6F78CBBF6
:10F5D80029462046BDE8384000F00EBB29462046A3
:10F5E800BDE8384000F042B929462046BDE8384019
:10F5F80000F044BB70B5044631B90B46D0F89412FC
:10F60800032910D0002070BD90F89C32032BF9D14B
:10F61800D0F8B8329B69002BF4D00022BDE87040C6
:10F62800C0F8D4221847D0E95715A94208D890F84D
:10F638009C22032A0FD0204600F0FEFB002070BD5C
:10F648004B1B11462A469D42C0F85C3128BF1A461A
:10F6580000F0E8FBD6E7D0F8B8221269002AEAD011
:10F66800C0F8D4329047E6E770B5044659B9D0F8E7
:10F678009432022B16D094F8A03213B1002384F8E8
:10F68800A032002070BD90F89C32032BF9D1D0F83D
:10F69800B8325B69002BF4D00022BDE87040C0F896
:10F6A800D4221847D0E907360D46B34210D81CD0EB
:10F6B80094F89C32032B2BD080212046F6F714FBBC
:10F6C800204600F0C5FB94F8A032002BD9D0D5E72E
:10F6D8009B1B1146C3611A4600F09AFB2B462A462B
:10F6E80029462046F6F74CFBC5E782699342DFD8E6
:10F6F800D0F898329A42DBD20A4600F089FB2B46B2
:10F708002A4629462046C4F89852F6F739FBB2E74C
:10F71800D4F8B832DB68002BCED000222046C4F8DB
:10F72800D4229847C8E700BFF8B500210122D0F8D5
:10F73800B832044680F89C224160C0F89412C0F8A0
:10F74800A41280F8A0121BB15B680BB19847B0B93E
:10F75800002740230022012620461D461146F6F7C1
:10F76800B1FA00222B4680212046A4F86461C4F82F
:10F778006051F6F7A7FA3846A6842562F8BD032734
:10F78800E7E700BF034600201974704790F89C22F1
:10F798000346042A04D090F89C22D2B280F89D2215
:10F7A8000422002083F89C22704700BF90F89C3206
:10F7B800042B04D190F89D32DBB280F89C320020F3
:10F7C800704700BF90F89C22032A01D000207047A0
:10F7D80008B5D0F8B83213B1DB6903B198470020F7
:10F7E80008BD00BFD0F8D422AE3250F822205AB15A
:10F7F80008B590F89C32032B01D0002008BD136A8D
:10F8080023B19847002008BD03207047184608BD5B
:10F81800D0F8D422AE3250F822205AB108B590F868
:10F828009C32032B01D0002008BD536A23B19847AE
:10F83800002008BD03207047184608BD0020704707
:10F848000121D0F8B82280F89C1242B1526801799F
:10F8580008B5904708B9002008BD032008BD00205E
:10F86800704700BF0020704700207047F0B50C7843
:10F8780083B00E46054604F06004202C0ED0402CC0
:10F888000CD0BCB180212846F6F72EFA0021284674
:10F898000C46F6F729FA204603B0F0BDD5F8D43265
:10F8A80031462846AE3355F823309B6803B0BDE88F
:10F8B800F04018474B78092BE4D801A252F823F0FE
:10F8C80029F9000857F900088DF8000875F90008AB
:10F8D8008DF8000897F90008CFF900088DF800089E
:10F8E80001FA0008F1F800088978B34E012931704F
:10F8F80000F2508190F89C32022BDFB200F00E81AA
:10F90800032F00F01F8180210324F6F7EDF9002171
:10F918002846F6F7E9F931782846FFF731FEBAE7C5
:10F9280090F89C22013A022A26D8CA88022A23D1B2
:10F938000121D0F8A422C1600AB10322C2600222C8
:10F9480005F10C0128461C4600F054FAA3E790F88C
:10F958009C32013B022B0FD84B88012B9BD10023F3
:10F968002846C5F8A43200F067FA94E74B88012BC3
:10F97800F6D0022B00F0078180212846F6F7B4F96B
:10F9880000212846F6F7B0F9204603B0F0BD8B8871
:10F99800002BF1D1CB88002BEED14E887F2EEBD8EF
:10F9A80090F89C32032BE7D0F1B280F89E12F6F75C
:10F9B800CBF9284600F040FA002E40F0E080012301
:10F9C80085F89C3267E700234A88ADF80630130AA9
:10F9D800013B062BD0D801A151F823F08DFA00087D
:10F9E80073FA00089DFA000881F9000881F90008F7
:10F9F8005FFA000827FA0008CA88012ABCD190F8E3
:10FA08009C120229CBB200F28280002B3FF43AAF5D
:10FA18000146002341F8083F00F0ECF93BE7037C7E
:10FA2800002BA9D1D0F8B8320DF106001B6B98470E
:10FA380007234370F288002A65D0BDF80630002BF2
:10FA48009AD09A420146284628BF1A46ADF80620A1
:10FA580000F0D0F91FE7037C002B8DD1D0F8B83225
:10FA68000DF106005B6B9847E4E7037C002B40F040
:10FA78009A80D0F8B8320DF106009B6A98470223A5
:10FA88004370D7E7D0F8B4320DF10601007C1B684B
:10FA98009847CFE7D1B2052900F29780DFE801F057
:10FAA80026201A140E03D0F8B4329B69002B3FF4B9
:10FAB80063AF0DF10601287C9847BBE7D0F8B43254
:10FAC8005B69002BF5D157E7D0F8B4321B69002BDE
:10FAD800EFD151E7D0F8B432DB68002BE9D14BE71E
:10FAE800D0F8B4329B68002BE3D145E7D0F8B432A4
:10FAF8005B68002BDDD13FE7022341600C4680F8AC
:10FB08009C32FFF73DFD284600F096F9C3E6032B2B
:10FB18007FF4B8AE011D00F06DF9BCE60029F2D003
:10FB280001214160FFF724FD0446002846D08021CA
:10FB38002846F6F7D9F800212846F6F7D5F885F8CB
:10FB48009C72A8E60029D7D041680129DBD0C9B248
:10FB5800FFF716FD317828466960FFF709FD06466C
:10FB68000028D0D080212846F6F7BEF80021284684
:10FB78003446F6F7B9F829792846FFF701FD02233C
:10FB880085F89C3287E68B881B0A80F8A03200F043
:10FB980053F980E680210324F6F7A6F800212846C9
:10FBA800F6F7A2F877E6D0F8B8320DF10600DB6A6E
:10FBB8009847022343703DE700BF0024284600F021
:10FBC8003BF9032385F89C3265E6D0F8D83273B147
:10FBD800D0F8B8329B6B43B10022C0F8D4220DF1A3
:10FBE8000602984700287FF425AF002022E7F38813
:10FBF800002B7FF4C1AE86E738B50B780D46044676
:10FC080003F06002402A0BD05B0609D5002580214D
:10FC1800F6F76AF820462946F6F766F8284638BD0A
:10FC280094F89C32013B022B02D8297901290AD980
:10FC380080212046F6F758F8002120460D46F6F7B1
:10FC480053F8284638BD2046FFF70CFE90B9D4F883
:10FC5800B8329B6873B12946C4F8D4022046984745
:10FC6800EB880546002BD9D10028D7D1204600F0D3
:10FC7800E3F8D3E70325284638BD00BF30B50C4666
:10FC88008A8883B005462378D1B203F06003202B1D
:10FC98001ED0402B1CD06BB380212846F6F724F8E1
:10FCA80000212846F6F720F8002003B030BD90F870
:10FCB8009C32022BDAB259D0032AEDD16388002B8B
:10FCC800F2D14B067ED12846019100F0B5F8019992
:10FCD8002846FFF7C9FD0028E6D1D5F8B832C5F89F
:10FCE800D4029B68002BDFD02146284603B0BDE82C
:10FCF800304018476378012BD9D0032B24D0002B30
:10FD0800CAD190F89C32022BD8B238D00328C3D17C
:10FD180001F00F03120603EB830305EB83033FD4C3
:10FD2800B3F86431002BB7D001F07F03142404FB2F
:10FD3800035404F5AA74002B3ED123600222214605
:10FD4800284600F057F8AFE790F89C32022BDAB259
:10FD58000CD0032AA0D1638823B9480602D0E388CF
:10FD6800002B36D0284600F067F89DE74A0693D066
:10FD7800F5F7BAFF80212846F5F7B6FF94E748065D
:10FD88008AD111064FF000034FF0020228464CBFFB
:10FD980005F1140105F5AA710B6000F02BF883E753
:10FDA8009B8C002B3FF478AF01F07F035C1C04EBC5
:10FDB800840405EB8404BEE72846F5F7B1FF30B1AB
:10FDC8000123BAE70191F5F79DFF01997BE72060D0
:10FDD800B4E72846F5F788FFC4E700BF0B7803703F
:10FDE8004B7843704B8843808B888380CB88C38053
:10FDF800704700BF10B5134602240A460021C0F818
:10FE08009442C0E90633F5F7ADFF002010BD00BFEE
:10FE18008C46002108B513466246F5F7A3FF00207B
:10FE280008BD00BF8C46002108B513466246F5F7A9
:10FE3800A7FF002008BD00BF002310B504241A4600
:10FE48001946C0F89442F5F78DFF002010BD00BF99
:10FE5800002310B505241A461946C0F89442F5F750
:10FE68008FFF002010BD00BFD0F8C8230132C0F8B2
:10FE7800C82302780B2A00D07047D0F88033002BB3
:10FE8800FAD09B69184700BF012380F823337047D5
:10FE9800002380F8233370470346002201211046CF
:10FEA80083F8201383F8212383F82223704700BFA7
:10FEB80038B501230025044680F8213380F8235300
:10FEC80080F82053F5F780FF2179204600F006F8E6
:10FED8006179204600F002F8284638BD0A2907D87B
:10FEE80000EB8100D0F88833C3F30E03C0F88833E1
:10FEF8000020704770B52DED028B84B000261546A2
:10FF08000446ADF80C1033460122039918300096C8
:10FF1800B0EE408AF2F7DEFDB5FA85F300222660DE
:10FF28005B096660A260257584ED048AA575637512
:10FF380004B0BDEC028B70BD20EE007ADFED067ACE
:10FF480027EE000A60EE277A80ED020AFCEEE77AD7
:10FF5800C0ED017A704700BF00FF7F4790ED046A4B
:10FF6800B7EE007ADFED0E5A0346D0ED036A18307B
:10FF7800C5EE867A77EEA67AF4EEC77AF1EE10FA35
:10FF8800C8BF77EEC77A10ED047AB4EEE77A40ED91
:10FF9800037AF1EE10FACCBF597D997DF2F78CBE49
:10FFA8000000F0420C4A82B00C4BD2F8DC1041F051
:10FFB8004001C2F8DC10D2F8DC2002F040020192C5
:10FFC800019A1A6822F020021A601A6842F00402A4
:10FFD8001A6002B0704700BF004402580018024877
:10FFE80070B5002304464FF4806204214FF4403575
:08FFF8003448C4F83821C4F8B4
:020000040801F1
:10000000D410C4F83431C4F84C113149C4F8B000EC
:10001000C4F82811C4E92F32C4E93133C4E93335B7
:10002000C4E93733C4E94F33C4E95135C4E9553322
:10003000A2680323C4F8D830C4F85031042A0AD87F
:10004000DFE802F01F262D34030055225623C4F8A2
:10005000B420C4F82C310022402304F1B005C4F8C8
:10006000B8202846C4F83031F6F76AFD08B1FFBE63
:10007000FEE704F594763046F6F762FDE8B1FFBE80
:10008000FEE725222623C4F8B420C4F82C31E2E789
:1000900027222823C4F8B420C4F82C31DBE73D2202
:1000A0003E23C4F8B420C4F82C31D4E7532254239F
:1000B000C4F8B420C4F82C31CDE704F12803C4E916
:1000C0002865C4F8E830C4F8603170BD40040240CF
:1000D000580402402DE9F04F814683B00E46174682
:1000E0001D4600F12804204602F042F8012882460D
:1000F000F9D14846FFF778FF8046002835D1EFF365
:100100001083019372B6DFF888B00C9B99F9082030
:10011000DFF880A0DFF88090CBF800300D9B89F8E5
:100120000020CAF800300DB11846A847BAB23146CF
:10013000204601F0AFFB30B9019B03B962B64046DF
:1001400003B0BDE8F08F0023CBF80030CAF80030D0
:10015000FF2389F800300C9B8BB101210D98884654
:100160009847019B002BEAD1E8E70C9B53B1D0469E
:100170000D9851469847404603B0BDE8F08F4FF0C8
:100180000108D9E7D046404603B0BDE8F08F00BF74
:1001900024C900242CC9002428C900242DE9F04FCB
:1001A000814683B00E4617461D4600F128042046BE
:1001B00001F0DEFF01288246F9D14846FFF714FF1F
:1001C0008046002835D1EFF31083019372B6DFF833
:1001D00088B00C9B99F90820DFF880A0DFF88090A8
:1001E000CBF800300D9B89F80020CAF800300DB123
:1001F0001846A847BAB23146204601F00BFC30B988
:10020000019B03B962B6404603B0BDE8F08F0023FE
:10021000CBF80030CAF80030FF2389F800300C9B7F
:100220008BB101210D9888469847019B002BEAD19C
:10023000E8E70C9B53B1D0460D985146984740468D
:1002400003B0BDE8F08F4FF00108D9E7D046404633
:1002500003B0BDE8F08F00BF24C900242CC90024DE
:1002600028C900242DE9F04F814683B00F46164679
:10027000984600F12804204601F07AFF0128FAD1BF
:1002800082464846FFF7B0FE0546002838D1EFF316
:100290001083019372B699F90830DFF88890DFF87F
:1002A00088B089F800300D9BDFF880A0CBF80030D3
:1002B0000E9BCAF800300C9B0BB10E9898471FFAA2
:1002C00088F33A463146204601F06EFC30B9019B76
:1002D00003B962B6284603B0BDE8F08F0023CBF81F
:1002E0000030CAF80030FF2389F800300D9B8BB135
:1002F00001210E980D469847019B002BEAD1E8E7B3
:100300000D9B4BB155460E9851469847284603B071
:10031000BDE8F08F0125DAE75546284603B0BDE871
:10032000F08F00BF28C9002424C900242CC9002450
:100330002DE9F041022286B00026044605690496A4
:10034000CDE90226D0E90272BF000AB3022D00F007
:10035000C8802078B5FA85F50126D4F820800B28CE
:100360004FEA551521D1A0780B2801D0002E3AD1A3
:1003700020790B2801D0002D5ED1A079B8F1000FB3
:1003800002D00B2840F08480002006B0BDE8F08148
:1003900035F002032078D4F820800CBF0126002617
:1003A000023D18BF01250B28DDD0764B617853F84C
:1003B00027301A780B2A02D0904200F09A80DA781F
:1003C00003F1030C0B2A02D0824200F0A2809A793A
:1003D00003F1060C824202D10B2A40F0A0800120DA
:1003E00006B0BDE8F0817A1C664BE17853F8223004
:1003F0001A780B2A02D0904200F09A80DA78DE1C3C
:100400000B2A02D0904200F0AC809A799E1D904257
:10041000E5D10B2AE3D0DB798B42E0D133469B78E0
:100420000A28059340F28980002001238B4001A90E
:100430000193F7F729FD9BE7BA1C524B617953F8FA
:1004400022301A780B2A01D090427AD0DA78DD1C5B
:100450000B2A02D0904200F08A809A799D1D90422A
:10046000BDD10B2ABBD0DB798B42B8D12B469B7810
:100470000A28059369D9002001238B4001A9019323
:10048000F7F702FDA079B8F1000F7FF47AAF7BE7B0
:100490003C4B0337E47953F827301A780B2A01D004
:1004A000904256D0DA78D91C0B2A01D0904264D001
:1004B0009A79991D904292D10B2A90D0DB79A34270
:1004C0008DD10B469B780A28059346D9002001233D
:1004D00001A9A3400193F7F7D7FC002006B0BDE8BF
:1004E000F08100780125D4F820800B283FF440AF3C
:1004F0005BE75A788A427FF462AF9B780A280593BB
:1005000012D9002001238B4001A90193F7F7BCFC0D
:1005100029E71A798A427FF45AAF6346EDE7DB791F
:100520008B427FF45CAFF8E7174B03EB8020E9E7E1
:100530005A788A427FF462AF71E7134B03EB802055
:1005400073E75A788A4281D191E70F4B03EB802001
:1005500092E75A78A242A5D1B4E70B4B03EB802077
:10056000B5E71A798A427FF450AF334657E71A79D4
:100570008A427FF472AF2B4679E71A79A24297D16B
:100580000B469FE7482B010800000258B04A036859
:10059000934200F05F83A2F57842934200F05C83BF
:1005A00002F58062934200F0598302F5784293424B
:1005B00000F0568302F5E052934200F05383A54ABF
:1005C000934240F051830521A34B10B54FF4D074F2
:1005D000B2B001FB04F41A5D1C440A2A19D8DFE802
:1005E00012F02B03AB02B902C902D702E502F302F3
:1005F00001030F031D030B00984AD2F8E00040F4FA
:100600008060C2F8E000D2F8E02002F4806231920B
:10061000319AA2780A2A19D8DFE812F0E200F00035
:10062000FE000C0122013001CA01D801E601F401EB
:100630000B008A4AD2F8E00040F48060C2F8E00083
:10064000D2F8E02002F480622692269A22790A2AC1
:1006500019D8DFE812F0E501F30101020F021D02D3
:100660002B0239024702550263020B007B4AD2F883
:10067000E00040F48060C2F8E000D2F8E02002F42C
:1006800080621B921B9AA2790A2A19D8DFE812F01D
:1006900020012E013C014A015801660174018201CA
:1006A000040112010B006D4AD2F8E00040F48060B2
:1006B000C2F8E000D2F8E02002F480621092109AB2
:1006C0004FF4D07202FB01339B68052B11D8DFE891
:1006D00003F0192F455B7103604BD3F8F42042F00F
:1006E0002002C3F8F420D3F8F43003F0200305937C
:1006F000059B2046FFF71CFE012801D032B010BD3B
:10070000FFBEFEE7554B00222320D3F8F01041F442
:100710008051C3F8F0101146D3F8F03003F4805341
:100720000093009BF6F75AF82320F6F795F8E0E7D8
:100730004A4B00222420D3F8E81041F48041C3F84A
:10074000E8101146D3F8E83003F480430193019B8D
:10075000F6F744F82420F6F77FF8CAE73F4B00226B
:100760003320D3F8E81041F40041C3F8E8101146F3
:10077000D3F8E83003F400430293029BF6F72EF817
:100780003320F6F769F8B4E7344B00225420D3F84D
:10079000F01041F40051C3F8F0101146D3F8F030D6
:1007A00003F400530393039BF6F718F85420F6F76D
:1007B00053F89EE7294B00225520D3F8F01041F45E
:1007C0008011C3F8F0101146D3F8F03003F4801311
:1007D0000493049BF6F702F85520F6F73DF888E7F6
:1007E0001E4AD2F8E00040F00100C2F8E000D2F862
:1007F000E02002F001021C921C9A27E7174AD2F867
:10080000E00040F00200C2F8E000D2F8E02002F080
:1008100002021D921D9A19E7104AD2F8E00040F03A
:100820000400C2F8E000D2F8E02002F004021E92B8
:100830001E9A0BE7094AD2F8E00040F00800C2F81F
:10084000E000D2F8E02002F008021F921F9AFDE6B5
:10085000003001400014005804BF00240044025836
:10086000C34AD2F8E00040F01000C2F8E000D2F82D
:10087000E02002F010022092209AE7E6BC4AD2F86B
:10088000E00040F02000C2F8E000D2F8E02002F0E2
:1008900020022192219AD9E6B54AD2F8E00040F42C
:1008A0008070C2F8E000D2F8E02002F480720E926C
:1008B0000E9A05E7AE4AD2F8E00040F40070C2F8A4
:1008C000E000D2F8E02002F400720F920F9AF7E6EF
:1008D000A74AD2F8E00040F00100C2F8E000D2F8E8
:1008E000E02002F001020692069AE9E6A04AD2F858
:1008F000E00040F00200C2F8E000D2F8E02002F090
:1009000002020792079ADBE6994AD2F8E00040F02B
:100910000400C2F8E000D2F8E02002F004020892DD
:10092000089ACDE6924AD2F8E00040F00800C2F8FA
:10093000E000D2F8E02002F008020992099ABFE62E
:100940008B4AD2F8E00040F01000C2F8E000D2F884
:10095000E02002F010020A920A9AB1E6844AD2F824
:10096000E00040F02000C2F8E000D2F8E02002F001
:1009700020020B920B9AA3E67D4AD2F8E00040F0E9
:100980004000C2F8E000D2F8E02002F040020C92F1
:100990000C9A95E6764AD2F8E00040F08000C2F862
:1009A000E000D2F8E02002F080020D920D9A87E676
:1009B0006F4AD2F8E00040F04000C2F8E000D2F800
:1009C000E02002F040022292229A3FE6684AD2F8E2
:1009D000E00040F08000C2F8E000D2F8E02002F031
:1009E00080022392239A31E6614AD2F8E00040F473
:1009F0008070C2F8E000D2F8E02002F48072249205
:100A0000249A23E65A4AD2F8E00040F40070C2F873
:100A1000E000D2F8E02002F400722592259A15E653
:100A2000534AD2F8E00040F00100C2F8E000D2F8EA
:100A3000E02002F001021192119A24E64C4AD2F809
:100A4000E00040F00200C2F8E000D2F8E02002F03E
:100A500002021292129A16E6454AD2F8E00040F0DD
:100A60000400C2F8E000D2F8E02002F00402139281
:100A7000139A08E63E4AD2F8E00040F00800C2F8B7
:100A8000E000D2F8E02002F008021492149AFAE58D
:100A9000374AD2F8E00040F01000C2F8E000D2F887
:100AA000E02002F010021592159AECE5304AD2F8D7
:100AB000E00040F02000C2F8E000D2F8E02002F0B0
:100AC00020021692169ADEE5294AD2F8E00040F09C
:100AD0004000C2F8E000D2F8E02002F04002179295
:100AE000179AD0E5224AD2F8E00040F08000C2F820
:100AF000E000D2F8E02002F080021892189AC2E5D5
:100B00001B4AD2F8E00040F48070C2F8E000D2F84E
:100B1000E02002F480721992199AB4E5144AD2F8CE
:100B2000E00040F40070C2F8E000D2F8E02002F4E7
:100B300000721A921A9AA6E50D4AD2F8E00040F027
:100B40000200C2F8E000D2F8E02002F0020228928F
:100B5000289A5EE5064AD2F8E00040F00400C2F8A8
:100B6000E000D2F8E02002F004022992299A50E530
:100B7000004402583E4AD2F8E00040F00800C2F8B3
:100B8000E000D2F8E02002F008022A922A9A40E51A
:100B9000374AD2F8E00040F01000C2F8E000D2F886
:100BA000E02002F010022B922B9A32E5304AD2F864
:100BB000E00040F02000C2F8E000D2F8E02002F0AF
:100BC00020022C922C9A24E5294AD2F8E00040F029
:100BD0004000C2F8E000D2F8E02002F040022D927E
:100BE0002D9A16E5224AD2F8E00040F08000C2F8C3
:100BF000E000D2F8E02002F080022E922E9A08E562
:100C00001B4AD2F8E00040F48070C2F8E000D2F84D
:100C1000E02002F480722F922F9AFAE4144AD2F85C
:100C2000E00040F40070C2F8E000D2F8E02002F4E6
:100C300000723092309AECE40D4AD2F8E00040F0B5
:100C40000100C2F8E000D2F8E02002F00102279291
:100C5000279ADEE40021B7E40121B5E40221B3E4E0
:100C60000321B1E40421AFE400231B78FFDE00BFC1
:100C7000004402582DE9F043002289B01B4B0121AA
:100C80000DF1040C9E461A4B0791E146E04667467B
:100C90000EF11C060EF138050EF15404CDE90122C7
:100CA000CDE90322CDE90522FF221A70BCE80F002E
:100CB000AEE80F009CE807008EE80700B9E80F00D7
:100CC0000FC69CE8070086E80700B8E80F000FC5CC
:100CD0009CE8070085E807000FCF0FC49CE80700D9
:100CE00084E8070009B0BDE8F08300BF18030024C2
:100CF00028C90024014801F031B900BF2CBF0024ED
:100D0000014801F02BB900BFCCC00024014801F01C
:100D100025B900BF6CC20024014801F01FB900BF13
:100D20000CC40024014801F019B900BFACC500246F
:100D300010B5EFF3108472B6084B1A78120602D57C
:100D400004B962B610BD1B784FF4D07204485BB290
:100D500002FB0300B030F6F745FDF1E728C9002497
:100D600004BF002410B5EFF3108472B6094B1A7853
:100D7000120602D504B962B610BD1B784FF4D072CA
:100D800005485BB202FB030000F59470F6F72AFDFC
:100D9000F0E700BF28C9002404BF00242DE9F0417A
:100DA00084B0EFF3108772B6284AFF21284C1368ED
:100DB000217023B100211160264A106898472378DA
:100DC0001B061CD5DFF894800025234E444621687D
:100DD00079B162686AB1A369012B22D0A3B96369B2
:100DE0003046019323690093E3682289FFF7D6F91F
:100DF00018B301351C3406F5D076042DE7D107B9B8
:100E000062B604B0BDE8F081D4E90430CDE9013028
:100E1000E068238900903046FFF724FA0028E8D1E3
:100E20000BE0D4E904301146CDE900303046E368E8
:100E30002289FFF74FF90028DBD1C5EBC50508EB88
:100E4000850348F825005860D9E700BF24C900246D
:100E500028C900242CC9002404BF0024180300243E
:100E60002DE9F04184B0EFF3108772B6284AFF21D4
:100E7000284C1368217023B100211160264A1068A4
:100E8000984723781B061CD5DFF894800025234E55
:100E90004446216879B162686AB1A369012B22D006
:100EA000A3B963693046019323690093E3682289FB
:100EB000FFF774F918B301351C3406F5D076042D0C
:100EC000E7D107B962B604B0BDE8F081D4E90430D7
:100ED000CDE90130E068238900903046FFF7C2F980
:100EE0000028E8D10BE0D4E904301146CDE9003008
:100EF0003046E3682289FFF7EDF80028DBD1C5EB27
:100F0000C50508EB850348F825005860D9E700BF00
:100F100024C9002428C900242CC9002404BF0024AB
:100F2000180300242DE9F04184B0EFF3108772B666
:100F3000284AFF21284C1368217023B10021116039
:100F4000264A1068984723781B061CD5DFF8948042
:100F50000025234E4446216879B162686AB1A369CD
:100F6000012B22D0A3B96369304601932369009312
:100F7000E3682289FFF712F918B301351C3406F52E
:100F8000D076042DE7D107B962B604B0BDE8F08190
:100F9000D4E90430CDE90130E0682389009030467F
:100FA000FFF760F90028E8D10BE0D4E904301146DE
:100FB000CDE900303046E3682289FFF78BF800283E
:100FC000DBD1C5EBC50508EB850348F82500586063
:100FD000D9E700BF24C9002428C900242CC9002453
:100FE00004BF0024180300242DE9F04184B0EFF37E
:100FF000108772B600F07AFB284A294CFF2113684B
:1010000021702BB1002111600121264A10689847F8
:1010100023781B061CD5DFF894800025224E444619
:10102000216879B162686AB1A369012B22D0A3B9A2
:1010300063693046019323690093E3682289FFF7CF
:10104000ADF818B301351C3406F5D076042DE7D180
:1010500007B962B604B0BDE8F081D4E90430CDE947
:101060000130E068238900903046FFF7FBF8002844
:10107000E8D10BE0D4E904301146CDE90030304628
:10108000E3682289FFF726F80028DBD1C5EBC50508
:1010900008EB850348F825005860D9E724C90024E7
:1010A00028C900242CC9002404BF002418030024EC
:1010B0005E4B00226FF0F411022030B40824DA6194
:1010C0005862C3F8BC21C3F8C401C3F85C23C3F859
:1010D0006403C3F8E014C3F8E414C3F8F444C3F899
:1010E000F824C3F8FC24C3F80405C3F88016C3F839
:1010F0008416C3F89446C3F89826C3F89C26C3F810
:10110000A406C3F820184A4DC3E90542C3E96D425D
:10111000C3E9D542C3E90011C3E96811C3E9D0119D
:10112000C3F824184349C3F83448C3F83828424C5C
:10113000C3F83C28C3F844080A888B783F482372D8
:10114000E280C28003723E4C3E48E280A0F8032059
:1011500023724371C28003723B4C3C480968E280B1
:101160002372A0F803203A4C4371C28003723948BD
:10117000E2802372A0F80320374C4371C2800372CF
:10118000080C2180EA802B72A070A4F80320637100
:10119000E2802372314C2180A070A4F80320637197
:1011A000E28023722E4C2180A070A4F8032063718A
:1011B000E28023722B4C2180A070A4F8032063717D
:1011C000E2802372284C2180A070A4F80320637170
:1011D000E2802372254C2180A070A4F80320637163
:1011E000E2802372224C2180A070E2802372A4F856
:1011F000032063711F4C21801F49A070E2801F48AB
:101200002372A1F803204B71CA800B72A4F803204B
:101210001B4963711B4CC280E28023720372A1F8E8
:1012200003204B71CA800B7230BC704704BF00248E
:10123000DC020024442B0108A002002494020024B4
:1012400058020024C4020024AC020024E802002456
:10125000D002002470020024F4C80024DCC800245A
:10126000E8C80024C4C8002418C9002400C9002408
:101270000CC90024D0C800240C030024000300245F
:101280007C020024F4020024714A036811698B4235
:1012900000B587B04BD0516F8B4200F0B680D2F8CA
:1012A000D8108B4200F0B380D2F83C118B4200F092
:1012B000B080B3F1804F1ED0664A93420DD0664A8B
:1012C000934200F0A880654A934200F0B280644ADD
:1012D00093421ED007B05DF804FB624BD3F8E820C0
:1012E00042F00202C3F8E820D3F8E83003F002032A
:1012F0000293029BEEE75B4BD3F8E82042F0010239
:10130000C3F8E820D3F8E83003F001030193019B10
:10131000E0E7544BD3F8E82042F01002C3F8E8208D
:10132000D3F8E83003F010030593059BD2E70020C3
:101330006421B3F1804F01FB0022127B1ED045498E
:101340008B4235D044498B4248D044498B42BED170
:10135000444BD3F8E81041F00801C3F8E810D3F883
:10136000E83003F008030493049B002AB2D0322033
:1013700000220F21F5F732FA322014E0394BD3F86E
:10138000E81041F00101C3F8E810D3F8E83003F0A9
:1013900001030193019B002A9CD01C2000220F21F5
:1013A000F5F71CFA1C2007B05DF804EBF5F754BA0A
:1013B0002C4BD3F8E81041F00201C3F8E810D3F841
:1013C000E83003F002030293029B002A82D01D2022
:1013D00000220F21F5F702FA1D20E4E7214BD3F894
:1013E000E81041F00401C3F8E810D3F8E83003F046
:1013F00004030393039B002A3FF46CAF1E200022DA
:101400000F21F5F7EBF91E20CDE7012090E7022030
:101410008EE703208CE7134BD3F8E82042F0040258
:10142000C3F8E820D3F8E83003F004030393039BE8
:1014300050E70C4BD3F8E82042F00802C3F8E8204C
:10144000D3F8E83003F008030493049B42E700BF9D
:1014500030C900240004004000080040000C004097
:1014600000100040004402580F4B026819698A427C
:101470000BD0596F8A4211D0D3F8D8108A420FD0BE
:10148000D3F83C118A420DD070470021642202FB40
:101490000133DA6D002AF7D0186E10470121F5E705
:1014A0000221F3E70321F1E730C90024014801F0EC
:1014B000A1B800BF40C90024014801F09BB800BF9B
:1014C000A4C90024014801F095B800BF08CA00244F
:1014D000014801F08FB800BF6CCA0024F0B54FF08E
:1014E000640C0F682E4D8DB00CFB07FC032F05EB31
:1014F0000C06066047DC0B460868344649689A6863
:1015000007C41B7B237004AC7268264B002A4FF083
:101510000002726118BF1022B2610FCB84E80F0085
:101520000CAB03EB870353F8203CB3F1804F3361DE
:1015300024D01D4A934221D030890CF11004642339
:101540000021802203FB07532C44C3E907019A6260
:10155000204600F011FE034600B1FEE74FF4805232
:1015600008A92046099301930892CDE90A33CDE9F1
:10157000023300F06BFF034640B1FEE7642303FB38
:1015800007539868D9E701200DB0F0BD01A92046A6
:101590000193039301F0D8F80028F5D0FEE700BFCF
:1015A00030C90024D8280108000C0040006808B5A4
:1015B000037B10302BB100F0EDFE003818BF012086
:1015C00008BD00F08FFE003818BF012008BD00BF25
:1015D0000C4B00224FF0FF311A739960D96683F8E3
:1015E0007020C3F8D01083F8D420C3F8341183F8E6
:1015F0003821C3E90022C3E91922C3E93222C3E931
:101600004B22704730C90024034688B190F83D2032
:10161000022A03D0802201209A66704702680421C2
:10162000002083F83D10D36823F00103D360704796
:101630000120704703682C495A6910B49C6944F032
:1016400008049C619C6944F010049C611C6824F0AF
:1016500001041C601C6921401961996821F4404112
:10166000996090F88110042901D0910630D490F847
:101670008110032901D054061FD4910509D5D0F853
:10168000841041F00101C0F88410996941F400719F
:101690009961D20509D5D0F8842042F00802C0F83B
:1016A00084209A6942F480729A6100235DF8044BA9
:1016B000A0F86230A0F86A307047D0F8841041F08A
:1016C0000401C0F88410996941F040019961D4E7A0
:1016D000D0F8841041F08001C0F88410996941F07D
:1016E00020019961C3E700BF90FCFFFF002800F0D4
:1016F000C980664A00212DE9F843036804468162E7
:10170000934217D0A2F57842934213D002F580623B
:101710009342C26800F0AE800F2A08D8C06B02F175
:1017200008014509C90805FB0111082916D901203E
:10173000BDE8F883E268E06B02F10801534E450909
:10174000C90805FB0111524DAB4218BFB34203D08B
:1017500005F58065AB4201D11029E8D894F88110D5
:1017600001F0FF0500297AD04FF000080221A76997
:10177000A56B84F88110B7F1806F196821F0010121
:101780001960996801F4F81C616858D011F4800957
:1017900001D0062A49D8D3F800E02EF4807EC3F8A1
:1017A00000E0666B42EA08023743666A37432669FF
:1017B000374366693743266A3743E66C3743A66882
:1017C0003743A66C3743E66932431043A26D3A4370
:1017D00040EA0C000A4398601543DD60B9B99A6885
:1017E00022F4C05242F400629A609A6822F4C06205
:1017F00042F480629A601A6D22F001021A6500209C
:101800000123C4F8840084F88130BDE8F8831A6DA0
:1018100022F001021A65B9F1000FF0D0DA68616DAB
:1018200022F000420A43DA60E9E7D3F800E0266DCF
:101830002EF4807E4EEA060EC3F800E0B1E7B1F563
:10184000800F06D00029A1D1B5F1805F02D0894672
:10185000A1E7CDB91E6846F480561E6096E7204683
:1018600084F88050FEF792FE2368E268D4F828805E
:10187000E06B7BE7C06B02F108014509C90805FB75
:10188000011169E701207047894682E70030014075
:1018900000380040F8B590F88030012B00F09280BD
:1018A00090F88130154601220446DEB2934280F85A
:1018B00080206BD1002964D0B5FA85F35B09002D37
:1018C0005FD003224366A0F8683080F88120C0F81A
:1018D0008430A0F86250A0F86A300268C165A0F8B0
:1018E0006050C0E91C338368B3F5C02F65D0D3685E
:1018F00023F4C02343F40033D360E368A06F0F2BBD
:101900004AD98369B3F5804F3BD13E4F203252F81C
:10191000183C07643C4F23F40043C7633B4FC76444
:101920000027076542F8183CB4F862309BB2F5F71F
:1019300075FB002849D1A36F354ADB69B3F5807F79
:101940002368596802EA010218BF2A435A609A685C
:10195000616842F40042B1F5800F9A601A6942F45E
:1019600048721A611A6842F001021A6003D11A68BB
:1019700042F400721A6000231E4684F8803030461C
:10198000F8BD002384F880303046F8BD00230226DD
:1019900080F880303046F8BD072B836921D8B3F535
:1019A000005F27D0B3F5804FAFD1B4F862309BB25F
:1019B00003339B08A4F86230A7E7136843F400637D
:1019C00013609AE702263046F8BDD4F8843001222D
:1019D00084F8807043F01003C4F8843084F88120C8
:1019E000D2E7B3F5804F05D0B3F5005FC9D1B3F5A9
:1019F000804F8AD1B4F862309BB201335B08A4F8FF
:101A0000623082E7391E0108BD1D0108651E01080C
:101A10000000FFFFF8B590F88030012B00F09680B1
:101A200090F88130154601220446DEB2934280F8D8
:101A300080206AD1002963D0B5FA85F35B09002DB7
:101A40005ED00422A0F86030416680F88120C0F8A2
:101A50008430A0F86A50A0F86230A0F86850C0E95D
:101A60001C338368B3F5C02F03686AD0DA6822F4A8
:101A7000C02242F48022DA60E2680F2A4BD9E06F7C
:101A80008269B2F5804F3BD19A6822F480429A6015
:101A9000414F0A4603F13001B4F86A3007643F4F02
:101AA0009BB2C7633E4FC76400270765F5F7B6FAD8
:101AB00000284ED1E36F3B4ADB69B3F5807F236892
:101AC000596802EA010218BF2A435A609A6861689D
:101AD00042F48042B1F5800F9A601A6942F4507264
:101AE0001A611A6842F001021A6003D11A6842F4BE
:101AF00000721A6000231E4684F880303046F8BD1C
:101B0000002384F880303046F8BD0023022680F898
:101B100080303046F8BD072A27D89A68E06F22F453
:101B200080429A608269B2F5005F2DD0B2F5804F95
:101B3000AED1B4F86A2092B203329208A4F86A20B7
:101B4000A6E71A6822F400621A6095E7022630467A
:101B5000F8BDD4F88430012284F8807043F010037B
:101B6000C4F8843084F88120CDE7E06F8769B7F549
:101B7000804F02D0B7F5005FC2D19A68B7F5804FA9
:101B800022F480429A6083D1B4F86A2092B2013282
:101B90005208A4F86A207BE7491E0108E51D0108E8
:101BA000651E01080000FFFF2DE9F8431D4690F86F
:101BB0008030012B00F083800123044680F88030C0
:101BC00090F88130012BDEB251D1002D18BF002AD0
:101BD00047D0B1FA81F35B09002942D0C165A0F872
:101BE000605001684266A0F86850C0E91C330520C7
:101BF00084F88100C4F88430A4F86250A4F86A50D4
:101C0000CB6823F4C023CB608B6823F440438B6004
:101C1000E3680F2B32D9E06F8369B3F5804F20D191
:101C2000624F4FF00008B4F86A3030310764DFF8D3
:101C300088919BB25E4FC0F84C90C763C0F850804B
:101C4000F5F7ECF9074600283DD0D4F8843001229E
:101C500084F8808043F01003C4F8843084F8812035
:101C600002E0002384F880303046BDE8F88300238A
:101C7000022680F880303046BDE8F883072B5DD817
:101C8000A36F9B69B3F5005F78D0B3F5804F06D1A1
:101C9000B4F862309BB203339B08A4F86230E06F63
:101CA0008369B3F5005F61D0B3F5804FB8D1B4F864
:101CB0006A309BB203339B08A4F86A30B0E702266F
:101CC0003046BDE8F8832268A06F93682032E16D4A
:101CD00043F4804342F8183CB4F86230C0F84C90AA
:101CE0009BB20765C0E90F77F5F798F900284DD149
:101CF000A36F304ADB69B3F5807F2368596802EA35
:101D0000010218BF2A435A609A68616842F400428F
:101D1000B1F5800F9A601A6942F458721A611A6814
:101D200042F001021A6004D000231E4684F880307D
:101D30009AE71A6842F400721A60F5E7E06F836967
:101D4000B3F5804F02D0B3F5005F8AD1A76FBF69AA
:101D5000B7F5804F06D1B4F86270BFB201377F0883
:101D6000A4F86270B3F5804F7FF45AAFB4F86A30CC
:101D70009BB201335B08A4F86A3051E7B4F86230D3
:101D80009BB201335B08A4F8623088E7E06FF5F797
:101D9000E7FAD4F88430012284F8807043F010030D
:101DA000C4F8843084F881205EE700BF591E010822
:101DB0000D1E01080000FFFF651E0108806B08B5BD
:101DC00090F88130072B09D0836FDB69B3F5807FF2
:101DD00005D00268136943F00803136108BDFEF7DC
:101DE000DDFF08BD806B08B590F88130072B09D066
:101DF000C36FDB69B3F5807F05D00268136943F0D8
:101E00000803136108BDFFF72BF808BD806B08B508
:101E100090F88130072B09D0836FDB69B3F5807FA1
:101E200005D00268136943F00803136108BDFFF78A
:101E300079F808BD704700BF806B08B5FFF7FAFF5F
:101E400008BD00BF704700BF806B08B5FFF7FAFF01
:101E500008BD00BF704700BF806B08B5FFF7FAFFF1
:101E600008BD00BF10B5846BF6F70CF8022800D14E
:101E700010BD236830495A69986940F0080098619C
:101E8000986940F010009861186820F0010018600F
:101E9000186901401961996821F44041996094F8EA
:101EA0008110042901D091063AD494F881100329B5
:101EB00001D0500629D4910509D5D4F8841041F0F9
:101EC0000101C4F88410996941F400719961D20547
:101ED00009D5D4F8842042F00802C4F884209A6915
:101EE00042F480729A61002301222046A4F86230F5
:101EF000A4F86A30D4F8843043F01003C4F8843076
:101F000084F88120FFF770F810BDD4F8841041F0F8
:101F10000401C4F88410996941F040019961CAE74D
:101F2000D4F8841041F08001C4F88410996941F01C
:101F300020019961B9E700BF90FCFFFF08B5806BF5
:101F400000230122A0F86A30A0F8623080F88120D6
:101F5000FFF74AF808BD00BF704700BF0368196962
:101F60005A692DE9F0419F6801EA020590F8816005
:101F700012050446F6B202D5090700F1D28005F039
:101F80006402042A3ED005F04502012A44D005F03F
:101F90002602022A00F0DC802A075CD59A6942F00A
:101FA00008029A619A6942F010029A619A6942F4B1
:101FB00000629A611A6922F008021A619A6812F4A2
:101FC000404F33D1B4F86A2092B27AB3616E0EE01A
:101FD0002268126B41F8042B6166B4F86A20013A5A
:101FE00092B2A4F86A20B4F86A2092B2F2B1E26820
:101FF0000F2AEDD8072A40F2A3801A8E21F8022B6F
:102000006166EAE72046636F9847236F204698474A
:1020100005F04503012B02D1236F2046984705F0B8
:102020002605022D00F09480BDE8F0812046FFF7E0
:1020300001FB012384F88130D4F88430002B7CD15B
:10204000052E00F08A80042E00F08A80032EEBD14A
:10205000FEF7A4FEE8E715F4587FE5D06E0609D533
:10206000D4F8842042F00402C4F884209A6942F033
:1020700040029A61A80509D5D4F8842042F00102F3
:10208000C4F884209A6942F400729A61E90509D57E
:10209000D4F8842042F00802C4F884209A6942F4FB
:1020A00080729A61AA0609D5D4F8842042F0800291
:1020B000C4F884209A6942F020029A61D4F88420FE
:1020C000002AB1D0196807F44047274A21F00101DE
:1020D000B7F5404F1960196902EA01021A6128D167
:1020E0009A68E06F22F440429A6050B11F4B03653A
:1020F000F5F7AEFA28B1D4F8843043F04003C4F8C1
:102100008430A06F00288FD0184B0365F5F7A0FA34
:10211000002889D0D4F8843043F04003C4F88430D8
:1021200082E79A6942F400629A61FFF715FFBDE801
:10213000F0810123204684F88130FEF755FF73E7D4
:10214000226892F830200A70616E0131616644E7BE
:10215000636F2046BDE8F0411847FEF7E3FE63E7F2
:10216000FEF77EFE60E700BF94FCFFFF3D1F010805
:1021700090F88100704700BF002800F0A58038B5B6
:1021800090F83D30044603F0FF02002B76D0226821
:1021900002234E49B2F1804F84F83D30A2EB010199
:1021A0001368B1FA81F14FEA511127D031BB484889
:1021B000484D824267D000F58060824263D0551B53
:1021C00000F58060B5FA85F582424FEA551563D077
:1021D000002D61D1404841498A4218BF824265D0F2
:1021E00001F580618A4261D0A06923F08003E16833
:1021F000034313606368D162936223E0354D23F09B
:102200007003A068551B0343B5FA85F56D09206975
:1022100023F440730343A06923F080030343136056
:10222000E368D3626368936251B94DB92A492B4B75
:102230009A4218BF8A4203D003F580639A4201D1C3
:102240006369136301230020536184F8483084F8E4
:102250003E3084F83F3084F8403084F8413084F8D0
:10226000423084F8433084F8443084F8453084F8B0
:10227000463084F8473084F83D3038BD80F83C2043
:10228000FFF702F883E7551B23F07003A068B5FA47
:1022900085F503436D09BAE7A06823F07003034393
:1022A0000F488242B3D0002DB1D193E7206923F4C7
:1022B0004073A1690343E06823F080030B43616826
:1022C0001360D0629162B1E70120704700000140C5
:1022D000000400400004014000400140004401406F
:1022E000000C004090F83D30012B3DD10268234B9B
:1022F0002349B2F1804F18BF9A4230B40CBF01237A
:102300000023204D0224AA4208BF43F0010380F8B5
:102310003D401D4C8A4208BF43F001031B4801F5B4
:102320008051A24208BF43F00103824208BF43F03C
:1023300001038A4208BF43F0010333B900F570502E
:10234000101AB0FA80F0400998B19168104B0B4018
:10235000062B0BD0B3F5803F08D01368002043F064
:102360000103136030BC704701207047002030BC6F
:102370007047136843F001031360F3E70000014066
:102380000008004000040040000C00400004014030
:102390000700010090F83D30012B41D10268022175
:1023A000244BB2F1804F18BF9A4230B40CBF0123C6
:1023B0000023214D214CAA4208BF43F0010380F8BD
:1023C0003D10D168A24208BF43F0010304F58064C8
:1023D00041F001011A48A24208BF43F00103D16055
:1023E000824208BF43F0010316498A4208BF43F006
:1023F000010333B900F57050101AB0FA80F04009AB
:1024000098B19168104B0B40062B0BD0B3F5803F71
:1024100008D01368002043F00103136030BC7047FC
:1024200001207047002030BC7047136843F001035F
:102430001360F3E700000140000400400008004082
:1024400000040140001800400700010090F83C30F3
:10245000012B00F081800246022370B40468012041
:1024600082F83D3082F83C005A4BA5682B40A360AF
:102470000B68702B00F09C8025D8502B6ED039D97A
:10248000602B18D1206A4D6820F01000C9682062C6
:102490000020A36923F4704343EA0133216A21F049
:1024A000A001A3614C4B41EA05112162A1680B40D8
:1024B00043F06703A3600121002382F83D1082F8F6
:1024C0003C3070BC7047B3F5005F60D033D94349EE
:1024D0008B4206D029D942498B4202D010318B421F
:1024E000E9D1A0683C49014000200B4343F00703B9
:1024F000A360E0E7402B23D1236A256A486823F0D4
:102500000A0325F00105CE681843334B2562A16903
:1025100021F0F00141EA0611A16120620020A168CA
:102520000B4043F04703A360C5E723F01001B1F56A
:10253000801FC0D1D5E7B3F5805018BF0120BAE79E
:10254000B9D8202BCDD003D9302BCAD00120B2E787
:1025500033F01001AFD1C4E702207047236A256A27
:10256000486823F00A0325F00105CE6818431A4B8A
:102570002562A16921F0F00141EA0611A161206202
:102580000020A1680B4043F05703A36093E7D1E913
:102590000153A0682B43CD6820F47F41002043EA1B
:1025A00005230B43A360A36843F48043A36082E741
:1025B000D1E90153A0682B43CD6820F47F4100206E
:1025C00043EA05230B43A360A36843F07703A360AA
:1025D00071E700BF8800CEFF8FFFCFFF2000100003
:1025E00030001000704700BF704700BF704700BF49
:1025F000704700BF036870B5DE6805461C69A10717
:1026000001D5B20754D4620701D573073DD4200722
:1026100001D5310727D4E30601D5F00610D4E10730
:1026200001D5F20762D4230652D5300666D460067F
:1026300001D5710673D4A20601D5B3064DD470BD81
:102640002B686FF0100228461A6108222A77DB698E
:1026500013F4407F74D1FFF7C5FF2846FFF7C6FF8C
:1026600000232B77DBE72B686FF0080228461A61FE
:1026700004222A77DB699A075FD1FFF7B3FF284668
:10268000FFF7B4FF00232B77C5E72B686FF0040238
:1026900028461A6102222A779B6913F4407F49D1A8
:1026A000FFF7A0FF2846FFF7A1FF00232B77AEE737
:1026B0006FF002021A61012202779B69990736D1F5
:1026C000FFF790FF2846FFF791FF00232B779AE74B
:1026D000E205ACD533061AD4A9E72B686FF02002C7
:1026E00028461A61BDE8704000F088B82B686FF08A
:1026F000010228461A61FEF7B7FE94E72B686FF0D7
:10270000800228461A6100F07BF8E1058FD52B681E
:102710006FF4807228461A6100F074F887E72B681E
:102720006FF0400228461A61FFF762FF83E7FFF768
:102730005BFFCAE7FFF758FFB7E7FFF755FFA1E7D1
:10274000FFF752FF8CE700BF90F83C30012B4BD0D5
:1027500003680246022030B4244D82F83D00AB42AB
:1027600058689C6829D005F58065AB4225D0204D7E
:1027700020F07000AB4218BFB3F1804F05F58065C3
:102780000CBF4FF0010C4FF0000CAB4208BF4CF0F7
:10279000010C05F58065AB4208BF4CF0010C0D68DB
:1027A0002843144D5860AB4214BF60464CF0010002
:1027B00060B91148834209D00DE04D6820F47000E3
:1027C00028430D6820F0700028435860896824F081
:1027D00080040C439C6000230121184682F83D10C0
:1027E00082F83C3030BC7047022070470000014046
:1027F000000400400018004000400140704700BF46
:10280000704700BF704700BF0B460146184600F0F6
:1028100001B8000010B5054C13462CB10A4601461C
:102820000220AFF3008010BD2046FCE7000000004E
:1028300070B50D4D0D4C641BA4100026A64209D1A5
:102840000B4D0C4C00F0B0F9641BA4100026A642FE
:1028500005D170BD55F8043B98470136EEE755F8B1
:10286000043B98470136F2E7C82B0108C82B010842
:10287000C82B0108F42B01080A44914200F1FF33F0
:1028800000D1704710B511F8014B03F8014F914288
:10289000F9D110BD02440346934200D1704703F8BA
:1028A000011BF9E730000000030000000000803F3A
:1028B0000000803F0054004000580040005C004091
:1028C000001C005825002600270034003500470072
:1028D000520053008E000000000000400004004041
:1028E00000080040000C004002040000020000004C
:1028F00000070000000600000201000000040000C4
:1029000000010000010100000106000006090000AE
:1029100000020000030B00000000000006000000A1
:102920000C00000012000000180000000001000070
:10293000060100000C010000120100001801000057
:1029400000020000060200000C020000120200005B
:10295000180200000003000006030000010600004A
:102960000000000000040000010600000300000059
:102970000006000001070000000000000104000044
:10298000010700000300000001060000010800002C
:102990000000000000040000010800000300000027
:1029A0000006000001090000000000000104000012
:1029B000010900000300000001060000010A0000F8
:1029C0000100000000040000010B000001000000F5
:1029D00001040000030C00000300000000040000DC
:1029E000030D0000030000000104000007040000C4
:1029F00001000000000400000A0A0909090A000099
:102A00000000FA4500007A460000FA4600803B4785
:102A10000080BB47001001400044004000480040D7
:102A2000004C00400050004000140140007800407D
:102A3000007C0040000C0058000000000004000072
:102A40000006000000100000000000000030000040
:102A50000020000000000010000000000010000036
:102A60000000000001020304010203040607080934
:102A700000030103000201020000803F000000008B
:102A800000000000000000000000803F0000000087
:102A900000000000000000000000803F0000803FB8
:102AA0000000803F0000803F0000803E00000000EA
:102AB0000000803F000000000000803E0000403F1A
:102AC0000000803FC3F5A83E0000000000000000A9
:102AD000000000000000000000061016000610169E
:102AE00001808080808080800480808080808080E1
:102AF00008808080808080801080808080808080BE
:102B000020808080808080804000000000040810C9
:102B100020400000020408102040000001000200D4
:102B20000400060008000A000C001000200040000D
:102B300080000001080402040801010101010103F1
:102B4000070100000B00FF00A002002488020024FF
:102B50009402002458020024C4020024AC02002481
:102B6000B802002464020024E8020024D0020024F9
:102B7000DC02002470020024F4C80024DCC8002415
:102B8000E8C80024C4C8002418C9002400C90024CF
:102B90000CC90024D0C800240C030024F402002433
:102BA000000300247C020024F8B500BFF8BC08BC78
:102BB0009E467047F8B500BFF8BC08BC9E467047FB
:082BC00048D7FE7F0100000070
:102BC800BD02000869070008C11F00081D2700088A
:102BD80011320008093C00080D4300085153000851
:0C2BE8005D5B0008B1100108D115010868
:042BF400990200083A
:102BF80000000000100000000000000000000000BD
:102C080000000000000000000000000010000000AC
:102C180000000000000000000000000000000000AC
:102C2800000000001000000000000000000000008C
:102C3800000000000000000000000000000000008C
:102C4800000000000000000000000000000000007C
:102C5800000000000100000000000000000000006B
:102C6800000000000000000000000000000000005C
:102C7800010000000000000000000000000000004B
:102C8800000000000000000000000000010000003B
:102C9800000000000000000000000000000000002C
:102CA800000000000000000001000000000000001B
:102CB800000000000000000000000000000000000C
:102CC80000000000010000000000000000000000FB
:102CD80000000000000000000000000000000000EC
:102CE80001000000000000000000000000000000DB
:102CF80000000000000000000000000001000000CB
:102D080000000000000000000000000000000000BB
:102D180000000000000000000100000000000000AA
:102D2800000000000000000000000000000000009B
:102D3800000000000100000001070800000000007A
:102D4800000000000106080000000000000000006C
:102D58000B00FF0000020024F401002418020024E4
:102D68000C0200243002002424020024B8010024AC
:102D7800AC010024D0010024C4010024D4B60024EE
:102D88003C020024E8010024DC010024C8B6002429
:102D9800BCB600245401002448010024010808029C
:102DA8000B08000108000000010908020A080000D9
:102DB80008000000010C0E03020801050E000000C7
:102DC800020C0801060E00000000000000080B00BD
:102DD800000000000000000001040B0000000000DB
:102DE80000000000010707010F04000000000000B8
:102DF800010607010E0400000000000000030700A0
:102E080000000000000000000002070000000000B1
:102E180000000000020B0700000000000000000096
:102E2800020A070000000000000000000609070071
:102E380000000000000000000090D0030090D003C4
:102E48000100000010000000060A0500040500004B
:102E580000000000010C050104070109050000003D
:102E68000004060000000000000000000004080044
:102E78000000000000000000010405000605060926
:102E8800050000000105050007050000000000001E
:102E9800060B05000505000000000000010E0502F4
:102EA8000205000000000000020105010F050203F1
:102EB80005000000030305000000000000000000FA
:102EC800020B06010406000000000000020C0601C7
:102ED8000507000000000000020A060000000000CC
:102EE80000000000010408000608000000000000BF
:102EF80001050800070800000000000000050800A0
:102F080000000000000000000000000000000000B9
:102F180000000000000000000000000000000000A9
:102F28000100000000000000000000000000000098
:102F38000000000000000000000000000100000088
:102F48000000000000000000000000000000000079
:102F58000000000000000000010000000000000068
:102F68000000000000000000000000000000000059
:082F7800000000000100000050
:04000005080005E901
:00000001FF
